/* Задание 2 Используя сервис http://filldb.info или другой по вашему желанию, 
сгенерировать тестовые данные для всех таблиц, используя vk-data.sql, 
учитывая логику связей. Для всех таблиц, где это имеет смысл, создать не менее 100 строк. 
Для media_types создать ровно 4 строки. Загрузить тестовые данные. Приложить к отчёту полученный дамп с данными.
*/
CREATE DATABASE IF NOT EXISTS vk;

USE vk;

DROP TABLE IF EXISTS `communities`;
/*!40101 SET @saved_cs_client     = @@character_set_client */;
/*!40101 SET character_set_client = utf8 */;
CREATE TABLE `communities` (
  `id` bigint(20) unsigned NOT NULL AUTO_INCREMENT,
  `name` varchar(145) COLLATE utf8mb4_unicode_ci NOT NULL,
  `description` varchar(245) COLLATE utf8mb4_unicode_ci DEFAULT NULL,
  `admin_id` bigint(20) unsigned NOT NULL,
  PRIMARY KEY (`id`),
  KEY `fk_communities_users_admin_idx` (`admin_id`),
  CONSTRAINT `fk_communities_users` FOREIGN KEY (`admin_id`) REFERENCES `users` (`id`)
) ENGINE=InnoDB AUTO_INCREMENT=101 DEFAULT CHARSET=utf8mb4 COLLATE=utf8mb4_unicode_ci;
/*!40101 SET character_set_client = @saved_cs_client */;

--
-- Dumping data for table `communities`
--

LOCK TABLES `communities` WRITE;
/*!40000 ALTER TABLE `communities` DISABLE KEYS */;
INSERT INTO `communities` VALUES (1,'molestiae','Libero tempora perferendis neque saepe provident vero qui. Officia tempora commodi aliquid architecto officia. Et qui et laborum assumenda maxime dolores assumenda aperiam.',1),(2,'et','Voluptatem optio illum rem qui voluptas sint. Voluptatem voluptatibus ipsa tempora aliquid animi. Recusandae consectetur hic beatae quam quisquam est. Magni explicabo ipsam ut distinctio sunt. Incidunt enim adipisci quia molestiae ex qui.',2),(3,'dolore','Qui cumque numquam sit fuga facere autem. Enim incidunt pariatur temporibus similique sed. Doloremque asperiores consequatur quia officiis repudiandae ullam.',3),(4,'delectus','Enim earum veritatis est eligendi necessitatibus quod laboriosam. Quo est culpa illum repellendus. Harum et aut tempore error cum qui. Totam rem fugiat nobis ea est aperiam ut.',4),(5,'quam','Numquam quos quos cumque nihil harum. Animi sint commodi est accusamus adipisci. Ab natus molestias alias error quis ipsam.',5),(6,'quia','Architecto esse sint modi distinctio optio odit. Ab placeat facere sit ut. Nostrum provident officia eos est. Nam similique error voluptas et velit reprehenderit officia.',6),(7,'enim','Voluptates ea consectetur harum recusandae labore. Dolor ut minus qui et. Numquam laboriosam atque laborum asperiores ut. Quisquam recusandae necessitatibus error.',7),(8,'eaque','Eos autem consectetur rerum eius a culpa itaque. Quia temporibus dolorem unde sint ut deserunt. Suscipit et rem fugiat deserunt et. Voluptatum possimus velit distinctio occaecati est id asperiores. Quam perferendis voluptatem qui quam ipsa ut ex',8),(9,'corrupti','Doloremque voluptatem ut enim. Quibusdam saepe consequatur et deleniti veritatis eveniet ratione blanditiis. Omnis tempora exercitationem autem neque ducimus cumque modi.',9),(10,'fugiat','Eligendi ut quo provident. Possimus adipisci eaque odio et. Expedita tenetur voluptatum deserunt. Pariatur rem doloribus blanditiis et quisquam.',10),(11,'porro','Quia ut voluptas ut assumenda amet hic. Eaque dolorum exercitationem et illum quia nam qui. Qui odit rerum corrupti rerum.',11),(12,'pariatur','Ipsam error doloribus commodi quae aut. Minus omnis qui eum consequatur. Aut debitis magni culpa ut ut minus omnis.',12),(13,'asperiores','Aperiam pariatur dolorum dolores tenetur temporibus eos. Et omnis aut omnis rerum. Dolore dolores tenetur beatae modi. Sunt id debitis ut veritatis sint hic.',13),(14,'labore','Provident error animi perferendis aliquam quis eaque. Non odit libero ut est possimus consequuntur. Possimus sapiente et ducimus iusto.',14),(15,'accusantium','Consequatur accusantium minus corrupti aut voluptas deleniti eos. Amet iusto omnis id incidunt id vel ea quisquam. Placeat sed dicta nostrum perferendis.',15),(16,'et','Voluptatem totam optio vel quis in nesciunt. Voluptatem voluptatem et ipsum voluptatibus ut eum sint. Distinctio inventore accusamus ullam accusantium. Saepe itaque a doloremque quasi autem aut corrupti.',16),(17,'consequatur','Culpa deserunt beatae animi. Qui earum commodi excepturi voluptatem.',17),(18,'qui','Consequuntur odit sed enim consequuntur aut quasi atque. Blanditiis incidunt fuga harum non id. Praesentium omnis iste similique optio. Molestiae aut eaque corrupti inventore expedita id.',18),(19,'temporibus','Aut sed sit voluptate ut. Dicta veniam quia omnis et officia. Enim dolor aspernatur est omnis modi repudiandae voluptatem.',19),(20,'in','Perferendis est est dolorem sunt enim fuga aliquam. Accusamus enim quia consequatur. Hic dolorem et nostrum fugit.',20),(21,'est','Distinctio molestiae rerum voluptatem iste non enim amet mollitia. Vel perferendis aperiam omnis. Magnam magni repellat omnis animi.',21),(22,'minima','Deserunt ipsam nisi sapiente rem voluptatum. Exercitationem ut dolorem similique quia sit eum veritatis. Dolorem sed minus ipsum architecto nulla repellendus. Veritatis quia libero similique et.',22),(23,'dolore','Consequatur esse eaque quia omnis id eum qui. Ea aliquam placeat et id blanditiis qui nihil. Ea neque est aut nesciunt.',23),(24,'neque','Recusandae unde autem neque quibusdam ratione molestiae. Autem iste cumque ut amet quasi ut. Quis architecto fugit id quos.',24),(25,'optio','Est cum recusandae sunt non debitis dolores modi quibusdam. Delectus iste dolorem magnam quo vel porro. Odio eos non aperiam at voluptas.',25),(26,'adipisci','Omnis a quidem quaerat eaque. Cum sed reprehenderit consequatur saepe possimus id. Iusto autem quidem natus ut dolorem ipsa. Dolore qui consequatur natus animi vel qui sunt.',26),(27,'dolores','Quis sunt dolor sed fugit sed quae facere. Est molestiae commodi illum sed quia. Nihil sunt sit neque et autem nihil.',27),(28,'est','Consectetur velit possimus eos eligendi eaque inventore voluptatibus. Ea suscipit eos debitis est ad sit occaecati. Debitis magnam ea eius aspernatur ea. Ut vel veritatis molestias iusto nisi.',28),(29,'voluptatum','Amet est sapiente qui est assumenda odio. Perferendis veritatis modi quo consequatur exercitationem qui. Deleniti dolores quo praesentium quo necessitatibus laboriosam.',29),(30,'reiciendis','Quam unde asperiores ut numquam. Labore rem hic ea sit ut debitis.',30),(31,'doloremque','Esse repellendus sint aliquam quis blanditiis omnis nihil. Magni voluptas fugiat voluptas soluta. Est voluptatem pariatur illo.',31),(32,'aliquam','Mollitia iste ut vel distinctio officiis. Aut quasi veritatis a eum eum nobis. Explicabo cum et id delectus praesentium ducimus. Nihil tenetur nihil culpa delectus magni hic.',32),(33,'et','Consequatur quia possimus iste laboriosam quidem est. Magni laborum ea ipsam voluptatem.',33),(34,'iure','Dolore reiciendis ullam et ipsam qui et. Praesentium et iste repellendus. Blanditiis veniam recusandae adipisci animi qui ut maxime labore. Ipsam eos est aliquam hic et magnam dolores.',34),(35,'qui','Cumque maiores quia est dolores quo voluptatem molestiae. Aut iste qui reprehenderit error minus odit velit. Occaecati delectus fugiat molestiae est dolorem unde recusandae natus. Eum veritatis sed laborum.',35),(36,'voluptatem','Ea inventore qui alias dolores possimus eum illo. Consequuntur mollitia minima vitae quos sit. Nam eum dolor id ducimus sed.',36),(37,'deleniti','Voluptas cum aliquid dolorum nam distinctio excepturi consequatur. Et a consequatur minus voluptatum esse quae dolores. Esse eum esse sit quia. Eveniet ut eos temporibus dignissimos maiores pariatur.',37),(38,'culpa','Corrupti unde ea nesciunt eius. Et magni ut delectus laboriosam reprehenderit eveniet et. Eos nobis labore ratione. Et qui iure optio doloremque expedita nihil.',38),(39,'voluptatum','Dicta cumque sit laboriosam esse eos eum. Dolores ipsam tenetur aliquid eius soluta saepe. Et iste magni est recusandae nisi ut amet.',39),(40,'amet','Quas eligendi eius rerum et nobis iste et. Sed voluptas qui blanditiis. Rerum est atque odio illo nesciunt qui quae. Enim consequatur voluptatem et maiores et.',40),(41,'alias','Aliquam unde ipsa porro. Et eos sapiente ut quaerat et totam aut voluptas. Voluptate fugiat voluptas numquam voluptatem. Et ducimus quo fuga facere quis earum architecto.',41),(42,'nisi','Et ut optio odit quis ex est consequuntur ea. Id omnis illo voluptate repudiandae. Dicta quaerat qui temporibus saepe natus odit et. Quia inventore ex sit libero.',42),(43,'similique','Provident aut facere eius nulla est quisquam. Quia harum voluptatem commodi repellat provident nihil ab et. Et libero ut et.',43),(44,'accusamus','Maiores vel libero illo quae sed dolore molestias asperiores. Distinctio placeat atque voluptate dolorum aperiam.',44),(45,'quo','Consequuntur doloribus qui sed cum vero. Possimus error accusantium quis ipsum nostrum ut. Eius ad numquam et dolor quibusdam ex doloribus explicabo.',45),(46,'in','Illum ut et ut et aut molestiae. Non perferendis nostrum tempore eaque ab iure. Nisi cum dolorum molestias reprehenderit tempore id culpa. Modi nostrum quidem odio est.',46),(47,'voluptate','Blanditiis est qui aut et tenetur. Rerum non omnis hic voluptas occaecati commodi iste veritatis. Consectetur aut sit hic alias quas aut et. Voluptatem iste aut nobis est culpa itaque perspiciatis.',47),(48,'qui','Et veritatis est possimus debitis quo placeat. Et consequatur ut quisquam maxime. Rem non fugiat nemo id hic non quo eius. Non nam ex recusandae natus eum.',48),(49,'ut','Error pariatur distinctio explicabo ut. Omnis quae ipsam temporibus quasi qui eveniet tempore veritatis. Numquam dolore aut quaerat.',49),(50,'et','Consequatur quis et ea veritatis similique in suscipit molestiae. Eum consequatur dignissimos est aut debitis.',50),(51,'dolor','Cupiditate pariatur facilis magni perferendis consequatur delectus molestiae. Doloribus ut occaecati odit adipisci. Omnis sint assumenda unde eaque qui.',51),(52,'consequuntur','Maiores eligendi autem voluptatem aut at voluptas facere voluptatem. Quam non dolorem aliquam est repellat. Placeat dolorem nam nemo sed voluptate. Neque illum qui nesciunt eum quo eos.',52),(53,'optio','Ratione sint est hic nemo. Libero quasi laborum omnis ut dolorem alias. Optio ut non reprehenderit harum voluptatem.',53),(54,'iste','Et voluptatum nihil amet. Minima at sed ut nostrum vitae. Quia eveniet earum ea voluptas soluta et. Sed eaque nostrum sunt vel.',54),(55,'aut','Optio unde velit eum delectus provident consequatur aut. Laboriosam tempore non temporibus. Voluptatibus in fugit est qui. Nulla molestias in quam dolore a omnis.',55),(56,'qui','Dicta facere quod neque nam. Doloribus eaque magnam tenetur in quidem voluptas consequatur.',56),(57,'ad','Velit possimus rerum explicabo ut odio numquam explicabo. Et quidem aliquid et molestias laudantium. Repellendus labore enim consequatur veniam.',57),(58,'minima','Veniam magni temporibus suscipit modi dolor ducimus. Voluptatem quod deserunt occaecati laborum. Beatae est deleniti est est enim ratione deserunt. Maiores maiores adipisci iure culpa soluta dolore earum.',58),(59,'sed','Enim rerum culpa explicabo in cum. Voluptatem et et officia et numquam repudiandae et modi. Sapiente in ea sint cumque ad animi.',59),(60,'qui','Possimus laboriosam provident eum alias. Voluptatem sit ut est. Exercitationem laboriosam praesentium enim distinctio qui sit beatae. Inventore aut est quas tempora quidem sit repellendus. Facere blanditiis molestiae consectetur rerum.',60),(61,'nihil','Nobis et aliquid enim et. Et temporibus deleniti et ut sapiente. Omnis minima expedita eveniet. Voluptatem sunt voluptatem rerum ut expedita molestiae ut.',61),(62,'velit','Commodi ipsa ea et. Sed rerum quis quisquam saepe. Maiores quidem blanditiis totam autem. Assumenda minima quia unde sunt sed. Tempora ducimus aspernatur ut expedita fugit.',62),(63,'id','Ut nulla quia repellendus et iste. Enim commodi delectus et cum. Cum sunt debitis animi nulla optio.',63),(64,'possimus','Doloremque incidunt consequatur nam ut id omnis. Quis similique possimus nesciunt quibusdam laborum. Omnis in modi optio. Accusamus at ut soluta et tempore.',64),(65,'repudiandae','Exercitationem amet voluptatem sit id est aliquam similique qui. Magnam culpa aut qui hic id aliquid. Aliquam molestiae est neque molestiae. Hic rerum libero dolores hic cum dolor sed.',65),(66,'est','Reiciendis commodi voluptates officia aut rerum placeat nulla velit. Eos dicta sunt et delectus. Excepturi impedit aliquid non perferendis aut voluptates. Nobis animi quo accusamus placeat.',66),(67,'dicta','Et mollitia maiores voluptates dicta rerum. Sunt modi eos odio. Ab est voluptates tenetur sapiente et.',67),(68,'quia','Magnam vel optio odit voluptas non fugiat aut. Voluptas officiis et aut. Aut quia labore explicabo dolorum modi id. Blanditiis excepturi alias enim hic id ea.',68),(69,'molestias','Vero tempora numquam nihil odio fuga esse. Perspiciatis aut eaque quibusdam quo. Quaerat odio maiores nihil quos ut voluptatem. Magni corporis magnam at veniam. Aut placeat iusto unde et.',69),(70,'voluptas','Delectus velit nihil eveniet architecto quisquam molestiae illo. Excepturi omnis explicabo non veritatis. Dolore ex aut saepe laboriosam occaecati. Quos tenetur porro nemo dicta ut repellendus nesciunt.',70),(71,'id','Ratione ipsum animi impedit repudiandae officia inventore. Asperiores iusto dignissimos perferendis ut. Quidem placeat harum ut ducimus animi provident.',71),(72,'quod','Velit omnis vel omnis fuga. Aut eligendi vel sequi magnam ipsa voluptas illum.',72),(73,'numquam','Optio vel adipisci consequatur assumenda vel. Qui itaque optio et deserunt voluptas possimus.',73),(74,'veritatis','Ut neque eos voluptatem maiores. Qui itaque neque aut ratione. Est molestiae sed sit ratione. Impedit ratione aut fugiat laborum eum esse provident.',74),(75,'autem','Ut aperiam ut placeat odio dolore nihil est. Modi deleniti nobis nisi error. Officia ad et molestias quibusdam porro et.',75),(76,'pariatur','Aliquam quis quas eos rerum. Dolor harum id in quis. Assumenda qui totam similique qui debitis et. Pariatur iste est adipisci dicta et voluptas cumque.',76),(77,'eius','Eius iusto cupiditate earum voluptatum cumque. Necessitatibus et rerum sit est et alias. Nobis omnis dignissimos quae. Dolor ut quidem voluptas itaque omnis enim rerum.',77),(78,'quas','Explicabo tempora cum id mollitia molestias eum aliquid et. Molestiae ipsum rerum officiis. Harum eum aut cumque sequi unde expedita.',78),(79,'nobis','Pariatur eum doloribus sunt alias et. Deserunt sint nemo magni optio dolores laboriosam deleniti. Quasi nostrum voluptas sed voluptatibus laboriosam assumenda.',79),(80,'architecto','Quis minus excepturi quia adipisci aut. Possimus ut perspiciatis placeat qui qui. Aut sed dolores sit ea tenetur. Veritatis non incidunt ut rerum.',80),(81,'adipisci','Dolores ut harum ipsum et. Dolor aperiam velit assumenda velit aut alias consequuntur. Beatae qui totam doloremque explicabo. Dicta beatae nulla enim odit assumenda fugit ad.',81),(82,'voluptatum','Nulla enim autem quaerat dignissimos sint. Natus esse vel dolor aut. Dolorum et illum cum ex voluptatem vero.',82),(83,'aspernatur','Dicta animi vitae corrupti vel sint. Veritatis assumenda expedita ad nisi. Quisquam ex ullam qui sunt qui.',83),(84,'dignissimos','Dolores earum asperiores nesciunt. Laboriosam optio et et sed. Nisi expedita cupiditate impedit delectus eos quasi ipsa.',84),(85,'sed','Sint velit maiores nisi ipsa velit. Et ut aliquam veritatis. Officia rerum maxime sit laborum ut. Eos officia quasi itaque sit.',85),(86,'sint','Sed labore unde eum aut enim. Quasi repellat doloremque quia. Numquam eaque modi ipsam id unde quasi.',86),(87,'exercitationem','Enim esse dignissimos rem voluptatem maiores eum. Quasi incidunt dignissimos dicta alias. Dolor atque voluptatem optio suscipit nostrum non dolores. Aut magnam adipisci accusamus sit porro et fugiat accusamus.',87),(88,'doloremque','Et ut voluptatum nemo rerum explicabo culpa ut. Odio sint velit impedit voluptatem tempore aut. Voluptatum et nulla iste neque odit quia. Est animi unde dolores nihil rem corrupti non quis.',88),(89,'eius','Eum optio molestias est. Exercitationem et et cum consequatur. Omnis eligendi qui consequatur cupiditate. Qui quos qui quaerat qui dignissimos ex.',89),(90,'atque','Corporis esse aspernatur laborum unde nobis et. Beatae occaecati nisi quam eum qui similique nesciunt. In explicabo culpa assumenda at eos explicabo est quas.',90),(91,'iusto','Tenetur modi libero porro porro autem quo. Rerum laborum sint voluptate itaque qui perferendis voluptas. Et dolores sunt voluptas et quod.',91),(92,'animi','Corrupti provident omnis rerum eos ad eos quo. Non ab repellat sunt. Recusandae enim expedita reiciendis itaque dolorem aperiam facilis non.',92),(93,'exercitationem','Id sed dolorum dolores repudiandae molestiae. Quod enim sit officia quam veniam. Accusantium in et facilis aut quidem fugit. Aut est officiis a sequi ex libero vel et.',93),(94,'et','Omnis iure non est qui et fuga. Aut veniam culpa dolorem quia quia aut. Magnam consectetur ullam eum voluptas nostrum eligendi aut. Velit repudiandae aut amet recusandae distinctio sit dignissimos. Accusamus aut cum aut minus praesentium magni d',94),(95,'reiciendis','Voluptatum distinctio qui at minima qui tempora. Voluptatem sunt hic doloremque voluptas voluptas. Aut aut ut qui cupiditate sit laudantium enim alias. Voluptas ea voluptates expedita numquam aut.',95),(96,'aperiam','Ipsum voluptatem est nihil est dolorum. Nihil quibusdam dolorum qui quibusdam omnis et et. Aliquam est accusamus libero aut exercitationem cumque quae. In harum voluptate quia debitis molestias.',96),(97,'possimus','Quia repudiandae quia qui. Ut pariatur explicabo consequatur dolorem. Consectetur laboriosam rem expedita error quia ab.',97),(98,'maxime','Et voluptas corporis molestias et qui molestiae dolor. Officiis quisquam et ut voluptatum. Expedita voluptas dolores autem enim sint. Ea iste et rem fugit perspiciatis ratione.',98),(99,'qui','Quasi facere quia maxime fugiat voluptate fugiat amet. Illum molestiae culpa vel unde pariatur quisquam quidem. Quas ducimus sunt est reiciendis in id eos. Eaque consequatur atque quo iure asperiores suscipit qui adipisci.',99),(100,'fugit','Ut quisquam magnam saepe porro magni aut nostrum illum. Illo recusandae quia quos voluptatem sed. Sit voluptatem tenetur aut sit minima animi modi. Autem ut eius ut ratione sint fugiat.',100);
/*!40000 ALTER TABLE `communities` ENABLE KEYS */;
UNLOCK TABLES;

--
-- Table structure for table `communities_users`
--

DROP TABLE IF EXISTS `communities_users`;
/*!40101 SET @saved_cs_client     = @@character_set_client */;
/*!40101 SET character_set_client = utf8 */;
CREATE TABLE `communities_users` (
  `community_id` bigint(20) unsigned NOT NULL,
  `user_id` bigint(20) unsigned NOT NULL,
  `created_at` datetime NOT NULL DEFAULT current_timestamp(),
  PRIMARY KEY (`community_id`,`user_id`),
  KEY `communities_users_comm_idx` (`community_id`),
  KEY `communities_users_users_idx` (`user_id`),
  CONSTRAINT `fk_communities_users_comm` FOREIGN KEY (`community_id`) REFERENCES `communities` (`id`),
  CONSTRAINT `fk_communities_users_users` FOREIGN KEY (`user_id`) REFERENCES `users` (`id`)
) ENGINE=InnoDB DEFAULT CHARSET=utf8mb4 COLLATE=utf8mb4_unicode_ci;
/*!40101 SET character_set_client = @saved_cs_client */;

--
-- Dumping data for table `communities_users`
--

LOCK TABLES `communities_users` WRITE;
/*!40000 ALTER TABLE `communities_users` DISABLE KEYS */;
INSERT INTO `communities_users` VALUES (1,1,'1991-01-06 03:50:19'),(2,2,'1986-01-24 22:18:03'),(3,3,'2000-06-22 14:24:24'),(4,4,'1979-03-30 20:22:56'),(5,5,'2021-03-30 21:40:33'),(6,6,'2002-02-08 10:45:23'),(7,7,'2013-08-07 22:43:46'),(8,8,'1971-07-28 00:26:48'),(9,9,'1974-03-05 20:25:17'),(10,10,'1992-10-26 20:03:51'),(11,11,'2012-05-13 18:09:53'),(12,12,'1988-02-25 15:01:05'),(13,13,'2011-10-05 14:10:17'),(14,14,'1970-01-28 16:42:35'),(15,15,'2000-12-20 00:17:31'),(16,16,'1978-12-10 02:31:53'),(17,17,'2009-07-24 03:34:22'),(18,18,'2013-11-13 14:00:21'),(19,19,'1989-05-10 11:53:18'),(20,20,'1996-12-11 02:48:08'),(21,21,'1970-01-12 20:04:28'),(22,22,'2009-05-24 14:03:29'),(23,23,'1981-08-06 16:03:02'),(24,24,'2015-11-02 00:47:11'),(25,25,'1980-10-21 02:23:23'),(26,26,'1972-11-20 18:00:27'),(27,27,'2018-09-08 18:22:43'),(28,28,'1977-09-09 17:26:11'),(29,29,'1996-06-07 02:50:29'),(30,30,'1991-04-05 18:14:37'),(31,31,'1989-03-16 23:38:33'),(32,32,'1982-02-03 08:40:37'),(33,33,'1976-02-16 00:54:32'),(34,34,'1998-06-06 10:40:22'),(35,35,'1981-11-19 02:39:56'),(36,36,'2010-09-17 07:02:56'),(37,37,'1981-04-14 20:51:15'),(38,38,'1978-12-19 00:49:12'),(39,39,'1985-01-08 16:48:22'),(40,40,'1995-09-20 17:15:36'),(41,41,'2001-08-21 22:25:47'),(42,42,'2003-08-29 03:26:10'),(43,43,'1987-07-30 02:32:43'),(44,44,'1974-02-12 10:26:39'),(45,45,'1972-11-16 06:03:56'),(46,46,'1974-11-30 15:37:20'),(47,47,'1994-06-07 15:09:08'),(48,48,'2004-09-16 12:41:19'),(49,49,'2012-04-06 15:33:50'),(50,50,'1999-09-21 04:43:56'),(51,51,'1983-01-24 02:23:55'),(52,52,'1987-09-21 09:01:29'),(53,53,'1990-05-28 11:43:05'),(54,54,'1980-01-11 20:12:57'),(55,55,'1976-04-15 12:50:19'),(56,56,'1984-08-10 20:11:21'),(57,57,'1998-06-15 13:21:08'),(58,58,'2014-01-29 20:32:53'),(59,59,'1980-04-26 15:04:31'),(60,60,'1998-08-26 20:36:57'),(61,61,'2009-12-28 02:33:45'),(62,62,'1975-03-16 10:39:10'),(63,63,'1983-07-30 09:46:06'),(64,64,'1986-01-31 08:28:03'),(65,65,'1983-10-17 00:01:28'),(66,66,'1978-04-28 14:15:52'),(67,67,'1990-05-01 11:55:51'),(68,68,'2005-08-07 11:35:02'),(69,69,'1986-07-05 07:50:09'),(70,70,'1982-09-20 18:02:33'),(71,71,'1991-11-20 06:08:38'),(72,72,'1974-07-21 22:51:40'),(73,73,'1972-03-23 07:50:18'),(74,74,'1978-06-18 18:38:40'),(75,75,'1992-03-02 11:37:29'),(76,76,'2013-11-08 03:22:31'),(77,77,'2007-12-11 12:23:33'),(78,78,'2014-09-17 04:47:17'),(79,79,'1973-10-06 02:13:55'),(80,80,'1980-05-09 20:27:52'),(81,81,'1970-10-07 12:43:51'),(82,82,'1999-10-06 08:01:30'),(83,83,'1980-11-05 14:52:13'),(84,84,'1991-05-08 14:39:01'),(85,85,'2015-09-24 00:42:32'),(86,86,'1997-05-07 19:21:11'),(87,87,'1977-11-21 19:42:31'),(88,88,'1972-10-31 01:13:35'),(89,89,'2005-03-12 10:45:48'),(90,90,'1980-06-09 02:04:00'),(91,91,'1988-03-26 16:57:27'),(92,92,'1977-02-02 23:57:12'),(93,93,'1981-07-16 21:34:00'),(94,94,'1980-12-18 23:40:37'),(95,95,'1989-11-17 05:48:06'),(96,96,'2009-04-15 06:21:01'),(97,97,'2012-11-28 11:46:46'),(98,98,'1994-05-17 15:17:30'),(99,99,'1999-01-25 05:56:36'),(100,100,'2016-07-03 06:56:12');
/*!40000 ALTER TABLE `communities_users` ENABLE KEYS */;
UNLOCK TABLES;

--
-- Table structure for table `friend_requests`
--

DROP TABLE IF EXISTS `friend_requests`;
/*!40101 SET @saved_cs_client     = @@character_set_client */;
/*!40101 SET character_set_client = utf8 */;
CREATE TABLE `friend_requests` (
  `from_user_id` bigint(20) unsigned NOT NULL,
  `to_user_id` bigint(20) unsigned NOT NULL,
  `accepted` tinyint(1) DEFAULT 0,
  PRIMARY KEY (`from_user_id`,`to_user_id`),
  KEY `fk_friend_requests_from_user_idx` (`from_user_id`),
  KEY `fk_friend_requests_to_user_idx` (`to_user_id`),
  CONSTRAINT `fk_friend_requests_users_1` FOREIGN KEY (`from_user_id`) REFERENCES `users` (`id`),
  CONSTRAINT `fk_friend_requests_users_2` FOREIGN KEY (`to_user_id`) REFERENCES `users` (`id`)
) ENGINE=InnoDB DEFAULT CHARSET=utf8mb4 COLLATE=utf8mb4_unicode_ci;
/*!40101 SET character_set_client = @saved_cs_client */;

--
-- Dumping data for table `friend_requests`
--

LOCK TABLES `friend_requests` WRITE;
/*!40000 ALTER TABLE `friend_requests` DISABLE KEYS */;
INSERT INTO `friend_requests` VALUES (1,1,1),(2,2,0),(3,3,1),(4,4,0),(5,5,1),(6,6,1),(7,7,0),(8,8,1),(9,9,0),(10,10,0),(11,11,1),(12,12,0),(13,13,0),(14,14,1),(15,15,1),(16,16,1),(17,17,0),(18,18,0),(19,19,1),(20,20,0),(21,21,1),(22,22,0),(23,23,0),(24,24,0),(25,25,1),(26,26,0),(27,27,0),(28,28,1),(29,29,0),(30,30,0),(31,31,0),(32,32,0),(33,33,1),(34,34,1),(35,35,0),(36,36,0),(37,37,0),(38,38,1),(39,39,0),(40,40,1),(41,41,1),(42,42,0),(43,43,1),(44,44,0),(45,45,0),(46,46,1),(47,47,1),(48,48,0),(49,49,0),(50,50,1),(51,51,1),(52,52,0),(53,53,1),(54,54,1),(55,55,1),(56,56,0),(57,57,0),(58,58,0),(59,59,1),(60,60,0),(61,61,1),(62,62,0),(63,63,1),(64,64,0),(65,65,1),(66,66,0),(67,67,0),(68,68,1),(69,69,1),(70,70,0),(71,71,1),(72,72,1),(73,73,0),(74,74,1),(75,75,0),(76,76,0),(77,77,0),(78,78,1),(79,79,0),(80,80,0),(81,81,0),(82,82,0),(83,83,0),(84,84,0),(85,85,0),(86,86,1),(87,87,1),(88,88,1),(89,89,1),(90,90,0),(91,91,0),(92,92,1),(93,93,1),(94,94,0),(95,95,0),(96,96,0),(97,97,0),(98,98,1),(99,99,1),(100,100,0);
/*!40000 ALTER TABLE `friend_requests` ENABLE KEYS */;
UNLOCK TABLES;

--
-- Table structure for table `media`
--

DROP TABLE IF EXISTS `media`;
/*!40101 SET @saved_cs_client     = @@character_set_client */;
/*!40101 SET character_set_client = utf8 */;
CREATE TABLE `media` (
  `id` bigint(20) unsigned NOT NULL AUTO_INCREMENT,
  `user_id` bigint(20) unsigned NOT NULL,
  `media_types_id` int(10) unsigned NOT NULL,
  `file_name` varchar(245) COLLATE utf8mb4_unicode_ci DEFAULT NULL COMMENT '/files/folder/img.png',
  `file_size` bigint(20) DEFAULT NULL,
  `created_at` datetime NOT NULL DEFAULT current_timestamp(),
  PRIMARY KEY (`id`),
  KEY `fk_media_users_idx` (`user_id`),
  KEY `fk_media_media_types` (`media_types_id`),
  CONSTRAINT `fk_media_media_types` FOREIGN KEY (`media_types_id`) REFERENCES `media_types` (`id`),
  CONSTRAINT `fk_media_users` FOREIGN KEY (`user_id`) REFERENCES `users` (`id`)
) ENGINE=InnoDB AUTO_INCREMENT=101 DEFAULT CHARSET=utf8mb4 COLLATE=utf8mb4_unicode_ci;
/*!40101 SET character_set_client = @saved_cs_client */;

--
-- Dumping data for table `media`
--

LOCK TABLES `media` WRITE;
/*!40000 ALTER TABLE `media` DISABLE KEYS */;
INSERT INTO `media` VALUES (1,1,1,'et',110041,'1971-03-24 12:39:49'),(2,2,2,'natus',36503500,'2000-07-16 15:33:36'),(3,3,3,'blanditiis',6072897,'1995-12-07 16:23:26'),(4,4,4,'natus',96896,'1977-07-10 13:20:46'),(5,5,1,'quis',4,'2012-09-19 02:58:52'),(6,6,2,'qui',24189,'2016-08-11 23:28:40'),(7,7,3,'consequatur',0,'1970-02-02 07:39:02'),(8,8,4,'illo',9377826,'2011-05-06 19:12:38'),(9,9,1,'consectetur',28636,'2013-09-18 19:42:45'),(10,10,2,'rerum',3,'2015-05-29 19:06:01'),(11,11,3,'maiores',7,'1999-10-12 10:03:03'),(12,12,4,'ut',73935845,'1979-04-13 06:11:57'),(13,13,1,'atque',86295729,'1998-10-29 11:09:13'),(14,14,2,'nam',424,'2014-03-19 02:28:51'),(15,15,3,'eum',2,'1972-04-06 16:05:35'),(16,16,4,'ipsum',57277,'1996-01-06 02:33:29'),(17,17,1,'ab',724776430,'2003-11-06 11:34:31'),(18,18,2,'nesciunt',99165,'1986-06-06 17:44:49'),(19,19,3,'temporibus',86550495,'1981-06-19 13:50:44'),(20,20,4,'vero',858492154,'2010-08-21 18:27:40'),(21,21,1,'quam',8,'1985-06-12 10:10:21'),(22,22,2,'molestiae',8430,'1979-01-20 04:50:48'),(23,23,3,'minus',0,'1980-02-24 09:33:16'),(24,24,4,'ipsum',61160,'1975-01-15 19:12:21'),(25,25,1,'eligendi',9,'1986-01-01 18:04:32'),(26,26,2,'in',7369,'2018-01-15 20:43:09'),(27,27,3,'laboriosam',792799,'1972-10-04 09:06:33'),(28,28,4,'harum',607,'2012-10-19 04:21:22'),(29,29,1,'earum',56215,'2005-07-08 16:35:11'),(30,30,2,'et',739,'1977-05-11 11:45:15'),(31,31,3,'ipsam',39169863,'2016-10-06 06:47:25'),(32,32,4,'voluptates',29160458,'2016-11-11 03:15:42'),(33,33,1,'quia',42991,'1981-03-06 17:15:13'),(34,34,2,'qui',8305,'2011-10-07 18:57:15'),(35,35,3,'fugiat',280208,'2010-12-22 22:01:55'),(36,36,4,'dolor',2942,'2013-04-01 14:10:34'),(37,37,1,'vel',8802269,'1996-10-30 02:54:24'),(38,38,2,'ea',62516,'2007-05-12 18:22:14'),(39,39,3,'consequatur',0,'1989-10-06 19:44:10'),(40,40,4,'illum',54,'1971-05-29 12:06:59'),(41,41,1,'odio',7,'1991-12-18 21:00:24'),(42,42,2,'molestiae',0,'2001-02-01 19:32:38'),(43,43,3,'et',371409603,'1978-12-15 15:39:23'),(44,44,4,'sapiente',1122,'2007-03-03 17:55:38'),(45,45,1,'vel',536,'2019-01-02 04:01:04'),(46,46,2,'eveniet',7,'1980-11-09 09:22:05'),(47,47,3,'architecto',61,'2019-08-13 02:55:58'),(48,48,4,'vel',96640781,'1976-09-07 08:26:51'),(49,49,1,'tempore',0,'1981-02-15 13:45:29'),(50,50,2,'sint',341152,'2000-07-30 00:17:58'),(51,51,3,'porro',23820,'1984-11-19 11:24:07'),(52,52,4,'odio',3493464,'1981-11-19 17:31:05'),(53,53,1,'dolor',83029511,'2012-02-05 21:04:29'),(54,54,2,'facere',6519,'1995-07-16 22:24:47'),(55,55,3,'tempora',356112220,'2004-12-16 05:48:50'),(56,56,4,'vel',89285,'2003-12-02 05:47:08'),(57,57,1,'aperiam',1594500,'2016-12-03 01:42:00'),(58,58,2,'nemo',3959,'2004-12-10 14:13:09'),(59,59,3,'nam',144,'1981-12-24 17:03:54'),(60,60,4,'mollitia',0,'2018-01-08 18:17:27'),(61,61,1,'molestias',7427926,'1993-01-24 18:34:39'),(62,62,2,'molestiae',39364942,'1998-02-01 10:07:18'),(63,63,3,'odit',65,'1984-05-05 06:13:54'),(64,64,4,'debitis',30,'2002-04-25 08:05:28'),(65,65,1,'magni',69,'1991-10-20 02:45:08'),(66,66,2,'fugiat',548996,'2014-08-03 18:16:09'),(67,67,3,'est',0,'1974-09-13 19:28:55'),(68,68,4,'eius',3276,'1992-09-09 11:36:52'),(69,69,1,'magnam',5129,'2013-07-15 11:14:02'),(70,70,2,'consectetur',14,'1980-05-13 14:29:41'),(71,71,3,'unde',83035474,'2004-12-31 22:39:26'),(72,72,4,'earum',152682,'1974-01-23 11:09:28'),(73,73,1,'omnis',5,'1995-06-11 02:58:59'),(74,74,2,'possimus',890778339,'1991-01-29 10:21:43'),(75,75,3,'perspiciatis',1130996,'1993-01-10 05:35:51'),(76,76,4,'et',8568,'1971-03-16 07:52:51'),(77,77,1,'sunt',538838,'2001-01-19 16:05:22'),(78,78,2,'rerum',1142,'1978-08-07 23:55:34'),(79,79,3,'eius',9,'1996-07-24 06:08:56'),(80,80,4,'itaque',8,'2001-07-10 21:29:05'),(81,81,1,'quaerat',1,'1996-03-30 02:26:48'),(82,82,2,'accusamus',4878494,'2006-09-30 08:06:12'),(83,83,3,'et',81038337,'1983-08-22 02:22:31'),(84,84,4,'tempora',855,'1989-10-30 22:31:01'),(85,85,1,'aliquid',4185563,'1993-08-04 11:11:44'),(86,86,2,'quia',0,'1992-10-05 00:59:58'),(87,87,3,'nihil',709888,'2004-05-05 01:30:41'),(88,88,4,'voluptas',56,'1995-12-21 08:26:25'),(89,89,1,'eius',11,'1974-11-16 22:16:08'),(90,90,2,'dolor',1721218,'1971-07-21 15:59:29'),(91,91,3,'distinctio',12226001,'2014-05-24 13:38:38'),(92,92,4,'eius',9361492,'2009-05-19 12:24:39'),(93,93,1,'debitis',9952,'1977-09-16 07:42:43'),(94,94,2,'enim',940,'2016-01-01 23:13:15'),(95,95,3,'maiores',4291,'1997-06-11 04:46:12'),(96,96,4,'est',233771,'1977-03-27 08:21:41'),(97,97,1,'quibusdam',9163125,'1984-07-14 02:04:45'),(98,98,2,'velit',6264,'1985-11-23 06:02:18'),(99,99,3,'recusandae',256061,'2018-08-09 05:37:44'),(100,100,4,'est',701,'2004-12-08 20:43:40');
/*!40000 ALTER TABLE `media` ENABLE KEYS */;
UNLOCK TABLES;

--
-- Table structure for table `media_types`
--

DROP TABLE IF EXISTS `media_types`;
/*!40101 SET @saved_cs_client     = @@character_set_client */;
/*!40101 SET character_set_client = utf8 */;
CREATE TABLE `media_types` (
  `id` int(10) unsigned NOT NULL AUTO_INCREMENT,
  `name` varchar(45) COLLATE utf8mb4_unicode_ci NOT NULL,
  PRIMARY KEY (`id`),
  UNIQUE KEY `name` (`name`)
) ENGINE=InnoDB AUTO_INCREMENT=5 DEFAULT CHARSET=utf8mb4 COLLATE=utf8mb4_unicode_ci;
/*!40101 SET character_set_client = @saved_cs_client */;

--
-- Dumping data for table `media_types`
--

LOCK TABLES `media_types` WRITE;
/*!40000 ALTER TABLE `media_types` DISABLE KEYS */;
INSERT INTO `media_types` VALUES (2,'aliquid'),(3,'facilis'),(1,'nemo'),(4,'praesentium');
/*!40000 ALTER TABLE `media_types` ENABLE KEYS */;
UNLOCK TABLES;

--
-- Table structure for table `messages`
--

DROP TABLE IF EXISTS `messages`;
/*!40101 SET @saved_cs_client     = @@character_set_client */;
/*!40101 SET character_set_client = utf8 */;
CREATE TABLE `messages` (
  `id` bigint(20) unsigned NOT NULL AUTO_INCREMENT,
  `from_user_id` bigint(20) unsigned NOT NULL,
  `to_user_id` bigint(20) unsigned NOT NULL,
  `txt` text COLLATE utf8mb4_unicode_ci NOT NULL,
  `is_delivered` tinyint(1) DEFAULT 0,
  `created_at` datetime NOT NULL DEFAULT current_timestamp(),
  `update_at` datetime DEFAULT NULL ON UPDATE current_timestamp(),
  PRIMARY KEY (`id`),
  KEY `fk_messages_from_user_idx` (`from_user_id`),
  KEY `fk_messages_to_user_idx` (`to_user_id`),
  CONSTRAINT `fk_messages_users_1` FOREIGN KEY (`from_user_id`) REFERENCES `users` (`id`),
  CONSTRAINT `fk_messages_users_2` FOREIGN KEY (`to_user_id`) REFERENCES `users` (`id`)
) ENGINE=InnoDB AUTO_INCREMENT=101 DEFAULT CHARSET=utf8mb4 COLLATE=utf8mb4_unicode_ci;
/*!40101 SET character_set_client = @saved_cs_client */;

--
-- Dumping data for table `messages`
--

LOCK TABLES `messages` WRITE;
/*!40000 ALTER TABLE `messages` DISABLE KEYS */;
INSERT INTO `messages` VALUES (1,1,1,'Grief, they used to it!\' pleaded poor Alice began in a helpless sort of circle, (\'the exact shape doesn\'t matter,\' it said,) and then another confusion of voices--\'Hold up his head--Brandy.',0,'2007-05-07 06:37:59','2019-04-26 23:53:53'),(2,2,2,'Mouse only shook its head down, and felt quite unhappy at the jury-box, and saw that, in her hands, wondering if anything would EVER happen in a natural way again. \'I wonder how many hours a day did.',0,'2014-03-27 07:05:44','1988-05-31 03:49:53'),(3,3,3,'Gryphon, and all the jurymen are back in their paws. \'And how did you begin?\' The Hatter opened his eyes. He looked anxiously round, to make herself useful, and looking at them with one eye; but to.',1,'2018-10-02 02:55:09','1974-12-12 16:31:58'),(4,4,4,'And in she went. Once more she found it so VERY tired of being upset, and their slates and pencils had been all the arches are gone from this morning,\' said Alice hastily; \'but I\'m not used to queer.',1,'1977-05-18 13:21:15','1985-02-19 05:16:14'),(5,5,5,'No, I\'ve made up my mind about it; and while she remembered trying to touch her. \'Poor little thing!\' It did so indeed, and much sooner than she had not noticed before, and she crossed her hands up.',1,'2011-05-02 19:18:17','1975-05-02 03:30:22'),(6,6,6,'I only wish people knew that: then they both sat silent and looked very anxiously into her eyes; and once again the tiny hands were clasped upon her knee, and the March Hare,) \'--it was at the.',0,'2021-03-28 09:09:16','1986-02-05 19:02:06'),(7,7,7,'I know is, something comes at me like a frog; and both footmen, Alice noticed, had powdered hair that WOULD always get into her face. \'Very,\' said Alice: \'she\'s so extremely--\' Just then her head.',0,'1975-01-30 06:11:55','2019-10-08 10:16:11'),(8,8,8,'She generally gave herself very good height indeed!\' said the Gryphon. \'It\'s all his fancy, that: he hasn\'t got no sorrow, you know. Come on!\' So they went on so long since she had but to get out of.',0,'1983-04-20 19:51:27','2011-05-17 23:33:45'),(9,9,9,'And beat him when he sneezes: He only does it to make out exactly what they WILL do next! As for pulling me out of a water-well,\' said the Hatter, \'you wouldn\'t talk about her and to wonder what was.',0,'1994-09-30 05:58:27','2013-05-23 16:17:47'),(10,10,10,'Alice, \'when one wasn\'t always growing larger and smaller, and being so many different sizes in a trembling voice:-- \'I passed by his face only, she would feel very uneasy: to be full of smoke from.',0,'1985-01-01 15:05:07','1990-11-15 03:59:11'),(11,11,11,'I\'ll set Dinah at you!\' There was no use denying it. I suppose I ought to be no sort of meaning in it,\' said the Dormouse, who seemed to be ashamed of yourself,\' said Alice, (she had grown in the.',1,'2007-01-30 21:52:16','1989-05-30 19:06:38'),(12,12,12,'Mock Turtle angrily: \'really you are very dull!\' \'You ought to have finished,\' said the Caterpillar. Alice thought the whole window!\' \'Sure, it does, yer honour: but it\'s an arm, yer honour!\'.',1,'1991-10-06 21:57:21','2019-07-21 08:04:38'),(13,13,13,'He looked at Alice. \'It goes on, you know,\' the Mock Turtle: \'nine the next, and so on; then, when you\'ve cleared all the rest, Between yourself and me.\' \'That\'s the reason is--\' here the.',0,'1990-05-18 05:25:57','2019-11-21 13:43:01'),(14,14,14,'HE taught us Drawling, Stretching, and Fainting in Coils.\' \'What was THAT like?\' said Alice. \'I\'m glad they don\'t give birthday presents like that!\' said Alice sadly. \'Hand it over afterwards, it.',1,'2020-06-08 17:19:04','1996-03-27 06:11:11'),(15,15,15,'This question the Dodo managed it.) First it marked out a new kind of authority among them, called out, \'First witness!\' The first question of course you know what \"it\" means well enough, when I got.',1,'2008-02-21 11:47:56','2018-03-08 19:58:59'),(16,16,16,'Queen, turning purple. \'I won\'t!\' said Alice. \'I wonder if I shall be late!\' (when she thought it would be quite absurd for her neck would bend about easily in any direction, like a telescope.\' And.',1,'1998-06-27 16:26:13','2014-01-14 07:21:07'),(17,17,17,'Alice (she was rather glad there WAS no one listening, this time, and was going to remark myself.\' \'Have you seen the Mock Turtle. \'She can\'t explain it,\' said the Caterpillar called after her..',0,'1986-06-21 08:16:53','1979-10-19 21:22:35'),(18,18,18,'And I declare it\'s too bad, that it might end, you know,\' the Hatter were having tea at it: a Dormouse was sitting on a bough of a large pool all round the rosetree; for, you see, so many.',0,'1983-08-08 22:44:18','2015-10-07 10:28:12'),(19,19,19,'Alice thought she had to ask any more HERE.\' \'But then,\' thought she, \'if people had all to lie down on one side, to look for her, and the arm that was lying under the hedge. In another moment that.',0,'1975-11-13 11:08:56','1977-12-26 12:40:24'),(20,20,20,'And she began thinking over other children she knew that were of the other guinea-pig cheered, and was just beginning to end,\' said the Duchess; \'I never was so large in the distance, screaming with.',0,'1970-06-30 06:54:22','1972-07-16 11:01:34'),(21,21,21,'YOURS: I don\'t want to go! Let me see: four times seven is--oh dear! I wish you were down here till I\'m somebody else\"--but, oh dear!\' cried Alice, with a teacup in one hand and a Canary called out.',0,'2009-05-05 04:20:03','1974-04-11 12:36:24'),(22,22,22,'Alice had begun to repeat it, but her voice close to them, and just as the question was evidently meant for her. \'Yes!\' shouted Alice. \'Come on, then!\' roared the Queen, who had not noticed before,.',1,'2013-11-20 17:14:55','2012-03-28 20:54:15'),(23,23,23,'And yet I wish you wouldn\'t mind,\' said Alice: \'allow me to him: She gave me a pair of boots every Christmas.\' And she thought there was a little before she had caught the baby was howling so much.',0,'1979-12-15 08:28:11','2002-09-13 04:11:16'),(24,24,24,'Digging for apples, indeed!\' said the Caterpillar. \'Well, perhaps your feelings may be ONE.\' \'One, indeed!\' said the Hatter: \'I\'m on the bank, and of having nothing to do.\" Said the mouse doesn\'t.',0,'1986-11-29 14:49:25','2001-12-20 05:19:29'),(25,25,25,'Duck: \'it\'s generally a frog or a worm. The question is, what?\' The great question is, what?\' The great question certainly was, what? Alice looked all round the thistle again; then the other, and.',1,'2003-04-01 01:54:55','2002-08-06 13:52:54'),(26,26,26,'The twelve jurors were writing down \'stupid things!\' on their slates, when the tide rises and sharks are around, His voice has a timid voice at her feet in the sea, some children digging in the.',1,'1996-08-12 10:02:28','1978-12-13 06:10:45'),(27,27,27,'March Hare. \'Exactly so,\' said the Hatter. \'I told you that.\' \'If I\'d been the right thing to nurse--and she\'s such a capital one for catching mice--oh, I beg your acceptance of this ointment--one.',0,'1998-05-06 05:27:29','1986-05-16 22:48:49'),(28,28,28,'Duchess! The Duchess! Oh my dear paws! Oh my fur and whiskers! She\'ll get me executed, as sure as ferrets are ferrets! Where CAN I have dropped them, I wonder?\' As she said this, she noticed a.',0,'1983-09-19 17:09:49','2020-12-31 12:46:33'),(29,29,29,'Cheshire Cat,\' said Alice: \'she\'s so extremely--\' Just then she looked down at her feet as the White Rabbit, who was trembling down to her ear, and whispered \'She\'s under sentence of execution. Then.',1,'1972-12-08 16:13:59','1973-03-04 21:47:17'),(30,30,30,'Just at this corner--No, tie \'em together first--they don\'t reach half high enough yet--Oh! they\'ll do next! If they had a large one, but the Rabbit was no time to see you again, you dear old.',0,'1991-10-24 18:52:35','1981-03-15 01:26:16'),(31,31,31,'Mock Turtle sang this, very slowly and sadly:-- \'\"Will you walk a little scream, half of them--and it belongs to a farmer, you know, with oh, such long ringlets, and mine doesn\'t go in at the Queen,.',0,'2011-01-02 10:35:40','2005-09-01 05:59:23'),(32,32,32,'Those whom she sentenced were taken into custody by the end of the cattle in the distance would take the hint; but the Dormouse followed him: the March Hare went on. \'Would you tell me,\' said Alice,.',0,'1971-12-17 12:39:41','2002-11-05 19:45:50'),(33,33,33,'Mock Turtle; \'but it doesn\'t matter which way I ought to eat some of the table, but it had entirely disappeared; so the King very decidedly, and there was Mystery,\' the Mock Turtle in a low voice,.',0,'2005-11-03 07:23:57','1993-05-13 06:46:12'),(34,34,34,'Cat, as soon as she spoke--fancy CURTSEYING as you\'re falling through the little magic bottle had now had its full effect, and she went on all the unjust things--\' when his eye chanced to fall upon.',0,'1987-04-07 10:24:33','1998-01-28 17:32:30'),(35,35,35,'Hardly knowing what she was a general clapping of hands at this: it was certainly too much frightened to say anything. \'Why,\' said the King. \'Then it ought to eat or drink something or other; but.',0,'2001-08-11 12:48:01','1996-10-01 09:16:52'),(36,36,36,'Time as well as she remembered having seen such a simple question,\' added the March Hare and the White Rabbit cried out, \'Silence in the other: the Duchess by this time, and was just in time to.',0,'1981-09-21 11:36:23','1995-09-07 17:38:02'),(37,37,37,'Gryphon added \'Come, let\'s hear some of the sense, and the three were all crowded together at one and then sat upon it.) \'I\'m glad they\'ve begun asking riddles.--I believe I can creep under the.',1,'1998-07-08 09:00:25','1987-05-13 08:08:51'),(38,38,38,'In a minute or two to think that very few things indeed were really impossible. There seemed to think that will be When they take us up and went in. The door led right into a conversation. \'You.',1,'1991-02-08 07:00:13','1986-08-10 04:06:02'),(39,39,39,'Alice, \'it\'s very rude.\' The Hatter was the White Rabbit as he spoke, \'we were trying--\' \'I see!\' said the Duchess. \'I make you a song?\' \'Oh, a song, please, if the Mock Turtle angrily: \'really you.',1,'1988-02-05 03:38:47','1978-06-06 23:32:16'),(40,40,40,'Alice\'s shoulder, and it set to work throwing everything within her reach at the house, and the Mock Turtle, and said to herself, \'in my going out altogether, like a star-fish,\' thought Alice. \'I\'ve.',0,'2016-06-22 16:41:16','1986-06-23 02:07:26'),(41,41,41,'YET,\' she said these words her foot slipped, and in his sleep, \'that \"I like what I should like to be otherwise.\"\' \'I think you could draw treacle out of a treacle-well--eh, stupid?\' \'But they were.',1,'1995-07-27 11:32:45','2013-07-12 20:03:23'),(42,42,42,'Alice went on growing, and, as the door of the Mock Turtle. \'And how many miles I\'ve fallen by this time?\' she said to herself, being rather proud of it: \'No room! No room!\' they cried out when they.',1,'1990-02-14 10:22:35','1977-04-28 15:00:56'),(43,43,43,'I ever was at the top of the jurors had a bone in his note-book, cackled out \'Silence!\' and read out from his book, \'Rule Forty-two. ALL PERSONS MORE THAN A MILE HIGH TO LEAVE THE COURT.\' Everybody.',1,'1975-11-05 08:01:55','1988-04-22 21:58:07'),(44,44,44,'I shall see it pop down a good deal: this fireplace is narrow, to be Number One,\' said Alice. \'Exactly so,\' said the Queen. \'It proves nothing of the garden, called out \'The Queen! The Queen!\' and.',0,'1988-04-30 10:00:12','2000-12-10 20:56:37'),(45,45,45,'Caterpillar. This was quite pleased to find that she never knew so much into the court, arm-in-arm with the words all coming different, and then said \'The fourth.\' \'Two days wrong!\' sighed the.',1,'2011-03-22 04:56:20','1980-03-09 18:48:27'),(46,46,46,'Alice. \'Call it what you would have appeared to them to be a lesson to you to leave the court; but on second thoughts she decided on going into the teapot. \'At any rate he might answer.',0,'2009-10-08 07:04:11','1992-08-15 00:28:11'),(47,47,47,'Gryphon went on just as she did not come the same thing a Lobster Quadrille is!\' \'No, indeed,\' said Alice. \'Of course not,\' said Alice to herself. At this moment the door as you can--\' \'Swim after.',1,'2005-03-16 13:01:51','1977-06-15 20:56:15'),(48,48,48,'I mentioned before, And have grown most uncommonly fat; Yet you turned a back-somersault in at the Queen, the royal children; there were ten of them, and he poured a little wider. \'Come, it\'s.',1,'1971-07-11 08:58:02','1970-03-27 01:46:19'),(49,49,49,'The chief difficulty Alice found at first she thought it must make me smaller, I suppose.\' So she went on again: \'Twenty-four hours, I THINK; or is it directed to?\' said one of the ground.\' So she.',1,'2007-07-08 06:09:54','1982-05-11 05:12:20'),(50,50,50,'Bill, I fancy--Who\'s to go down--Here, Bill! the master says you\'re to go through next walking about at the righthand bit again, and Alice looked all round her at the corners: next the ten.',1,'2005-06-27 03:53:24','1991-03-18 21:41:21'),(51,51,51,'Cat, \'or you wouldn\'t squeeze so.\' said the Gryphon never learnt it.\' \'Hadn\'t time,\' said the Mock Turtle. \'Seals, turtles, salmon, and so on.\' \'What a curious dream, dear, certainly: but now run in.',1,'1980-05-17 02:44:47','1971-07-14 09:14:21'),(52,52,52,'March Hare and his buttons, and turns out his toes.\' [later editions continued as follows The Panther took pie-crust, and gravy, and meat, While the Duchess was sitting between them, fast asleep,.',1,'2003-02-24 09:33:11','2020-08-10 01:29:56'),(53,53,53,'Queen said--\' \'Get to your places!\' shouted the Queen, who had not the right distance--but then I wonder what Latitude was, or Longitude either, but thought they were all shaped like ears and.',1,'1998-04-29 05:51:52','2002-02-25 16:58:51'),(54,54,54,'Alice, who felt very lonely and low-spirited. In a little animal (she couldn\'t guess of what work it would feel very uneasy: to be Number One,\' said Alice. \'It goes on, you know,\' said the King. On.',0,'1972-06-26 02:08:42','1974-02-08 07:39:21'),(55,55,55,'In another moment that it signifies much,\' she said to herself. At this the White Rabbit; \'in fact, there\'s nothing written on the trumpet, and called out, \'Sit down, all of them at dinn--\' she.',1,'1970-02-04 02:05:58','2010-12-23 10:51:07'),(56,56,56,'Alice. \'And ever since that,\' the Hatter hurriedly left the court, without even waiting to put his mouth close to her: its face to see what would be offended again. \'Mine is a raven like a.',0,'1977-08-21 22:10:04','2001-05-31 15:25:11'),(57,57,57,'Alice could hardly hear the name of the lefthand bit of stick, and tumbled head over heels in its sleep \'Twinkle, twinkle, twinkle, twinkle--\' and went on growing, and, as there was nothing so VERY.',1,'1977-11-15 15:27:06','2018-06-21 11:06:35'),(58,58,58,'You see the earth takes twenty-four hours to turn round on its axis--\' \'Talking of axes,\' said the Hatter. \'I told you butter wouldn\'t suit the works!\' he added looking angrily at the top of it..',0,'1973-08-10 16:09:28','2004-03-08 11:44:17'),(59,59,59,'Ann! Mary Ann!\' said the Mock Turtle to the King, \'and don\'t be nervous, or I\'ll kick you down stairs!\' \'That is not said right,\' said the King: \'however, it may kiss my hand if it thought that it.',1,'1984-10-16 09:22:15','2020-02-24 18:22:24'),(60,60,60,'Mock Turtle Soup is made from,\' said the Mouse with an M--\' \'Why with an M, such as mouse-traps, and the little golden key, and unlocking the door opened inwards, and Alice\'s elbow was pressed hard.',1,'2021-03-19 14:45:03','1984-04-26 11:31:21'),(61,61,61,'No, there were no arches left, and all would change (she knew) to the conclusion that it was only the pepper that makes you forget to talk. I can\'t take more.\' \'You mean you can\'t think! And oh, I.',1,'1992-03-02 12:09:40','1982-02-01 02:21:12'),(62,62,62,'Dormouse fell asleep instantly, and neither of the teacups as the whole cause, and condemn you to sit down without being seen, when she caught it, and then treading on my tail. See how eagerly the.',1,'1988-12-28 18:18:12','2018-11-19 00:04:20'),(63,63,63,'ARE OLD, FATHER WILLIAM,\"\' said the Caterpillar called after her. \'I\'ve something important to say!\' This sounded promising, certainly: Alice turned and came flying down upon their faces. There was.',1,'2000-11-27 22:07:52','1979-07-24 09:12:58'),(64,64,64,'Alice was very fond of pretending to be sure; but I shall be a person of authority among them, called out, \'First witness!\' The first question of course was, how to speak first, \'why your cat grins.',1,'2000-10-14 20:34:47','1970-08-03 03:36:10'),(65,65,65,'Alice kept her waiting!\' Alice felt dreadfully puzzled. The Hatter\'s remark seemed to be listening, so she went slowly after it: \'I never was so much into the wood to listen. The Fish-Footman began.',0,'2007-04-11 04:29:33','2018-08-09 21:01:37'),(66,66,66,'The long grass rustled at her feet, they seemed to Alice with one foot. \'Get up!\' said the Hatter. \'He won\'t stand beating. Now, if you were or might have been that,\' said the Mock Turtle yet?\'.',1,'1981-03-31 08:08:00','1971-09-01 14:46:32'),(67,67,67,'Duchess said after a pause: \'the reason is, that I\'m perfectly sure I can\'t quite follow it as she could. \'No,\' said Alice. \'Why, there they lay on the top of the miserable Mock Turtle. \'Hold your.',1,'1972-01-25 10:58:03','1987-07-10 12:34:50'),(68,68,68,'Duchess, it had entirely disappeared; so the King sharply. \'Do you take me for a minute or two she walked down the bottle, she found this a very difficult question. However, at last it unfolded its.',0,'2017-03-07 23:27:56','2013-12-16 03:28:32'),(69,69,69,'King, the Queen, \'and he shall tell you more than Alice could only see her. She is such a fall as this, I shall ever see you any more!\' And here Alice began telling them her adventures from the.',1,'2020-09-05 06:52:22','2006-03-22 22:03:50'),(70,70,70,'I know who I am! But I\'d better take him his fan and gloves--that is, if I fell off the top of his head. But at any rate,\' said Alice: \'allow me to him: She gave me a pair of boots every Christmas.\'.',1,'1996-02-07 07:08:45','2015-11-19 16:31:54'),(71,71,71,'Rabbit\'s--\'Pat! Pat! Where are you?\' said Alice, \'we learned French and music.\' \'And washing?\' said the King, \'and don\'t be particular--Here, Bill! catch hold of anything, but she had succeeded in.',1,'1995-07-10 07:21:02','1999-12-29 13:34:05'),(72,72,72,'Gryphon. \'Then, you know,\' the Hatter said, turning to Alice, and she thought it must be Mabel after all, and I had to do such a tiny golden key, and unlocking the door began sneezing all at once..',0,'1988-02-16 19:55:14','1971-08-09 23:23:02'),(73,73,73,'Next came the guests, mostly Kings and Queens, and among them Alice recognised the White Rabbit; \'in fact, there\'s nothing written on the ground near the looking-glass. There was a very melancholy.',1,'2004-12-13 12:06:53','1983-06-19 11:11:25'),(74,74,74,'I ask! It\'s always six o\'clock now.\' A bright idea came into her face. \'Wake up, Dormouse!\' And they pinched it on both sides of it, and on both sides of it; then Alice dodged behind a great.',1,'2008-02-10 05:08:53','1989-05-09 11:09:10'),(75,75,75,'So she went slowly after it: \'I never said I could show you our cat Dinah: I think I must be on the trumpet, and then raised himself upon tiptoe, put his shoes off. \'Give your evidence,\' said the.',1,'2011-05-25 00:46:28','1973-02-01 19:12:50'),(76,76,76,'I tell you, you coward!\' and at last turned sulky, and would only say, \'I am older than I am very tired of this. I vote the young lady tells us a story.\' \'I\'m afraid I don\'t think,\' Alice went on.',1,'1996-09-08 05:14:55','1979-09-21 16:53:27'),(77,77,77,'March Hare. \'He denies it,\' said the Queen. \'I haven\'t opened it yet,\' said Alice; \'you needn\'t be afraid of interrupting him,) \'I\'ll give him sixpence. _I_ don\'t believe there\'s an atom of meaning.',1,'1974-06-15 00:47:36','2018-01-23 07:45:02'),(78,78,78,'And she began shrinking directly. As soon as it lasted.) \'Then the eleventh day must have been was not otherwise than what you had been (Before she had this fit) An obstacle that came between Him,.',0,'2009-01-11 08:38:43','1990-12-17 19:11:14'),(79,79,79,'VERY remarkable in that; nor did Alice think it was,\' he said. (Which he certainly did NOT, being made entirely of cardboard.) \'All right, so far,\' said the others. \'We must burn the house opened,.',0,'2000-03-20 22:02:45','2000-01-20 10:41:15'),(80,80,80,'Those whom she sentenced were taken into custody by the officers of the song. \'What trial is it?\' \'Why,\' said the Cat. \'Do you know I\'m mad?\' said Alice. \'Who\'s making personal remarks now?\' the.',0,'2019-04-08 12:09:01','1993-11-06 23:41:59'),(81,81,81,'Alice could only see her. She is such a nice soft thing to get to,\' said the Caterpillar. \'Well, I never was so small as this before, never! And I declare it\'s too bad, that it signifies much,\' she.',1,'2004-05-09 23:09:39','2017-08-18 15:49:57'),(82,82,82,'For instance, suppose it were white, but there was a general clapping of hands at this: it was just in time to see some meaning in it,\' but none of YOUR business, Two!\' said Seven. \'Yes, it IS his.',0,'1994-03-20 12:06:13','1976-05-21 06:27:51'),(83,83,83,'Dinah, if I only knew how to get hold of it; and as he fumbled over the fire, and at once to eat her up in a deep sigh, \'I was a treacle-well.\' \'There\'s no sort of circle, (\'the exact shape doesn\'t.',0,'2000-06-04 14:19:08','1976-03-13 10:38:39'),(84,84,84,'I goes like a thunderstorm. \'A fine day, your Majesty!\' the soldiers shouted in reply. \'Idiot!\' said the March Hare, \'that \"I breathe when I was sent for.\' \'You ought to speak, and no one to listen.',0,'2020-12-12 03:08:02','1996-08-09 12:42:34'),(85,85,85,'For, you see, Alice had begun to think to herself, \'in my going out altogether, like a writing-desk?\' \'Come, we shall get on better.\' \'I\'d rather finish my tea,\' said the Hatter. \'Does YOUR watch.',1,'1974-02-16 19:22:39','2014-06-21 04:40:50'),(86,86,86,'CHAPTER V. Advice from a bottle marked \'poison,\' so Alice soon came upon a time she went on, turning to Alice: he had a large one, but it makes rather a complaining tone, \'and they all spoke at.',0,'1972-11-16 02:11:51','1986-08-14 13:23:27'),(87,87,87,'Alice had been to her, \'if we had the dish as its share of the fact. \'I keep them to sell,\' the Hatter said, tossing his head mournfully. \'Not I!\' he replied. \'We quarrelled last March--just before.',0,'1990-04-02 19:53:12','1992-07-07 07:41:07'),(88,88,88,'And she went on talking: \'Dear, dear! How queer everything is to-day! And yesterday things went on at last, with a sigh: \'it\'s always tea-time, and we\'ve no time she\'d have everybody executed, all.',0,'1990-03-20 21:19:49','1997-04-01 15:35:13'),(89,89,89,'Hatter, \'when the Queen ordering off her knowledge, as there was the White Rabbit interrupted: \'UNimportant, your Majesty means, of course,\' said the Dormouse, and repeated her question. \'Why did.',0,'1986-02-09 07:26:40','2021-03-24 21:00:35'),(90,90,90,'Gryphon is, look at the sudden change, but she gained courage as she left her, leaning her head down to nine inches high. CHAPTER VI. Pig and Pepper For a minute or two she walked up towards it.',1,'2000-05-25 07:23:17','1971-04-23 02:27:31'),(91,91,91,'Arithmetic--Ambition, Distraction, Uglification, and Derision.\' \'I never went to school in the grass, merely remarking as it settled down again, the Dodo replied very solemnly. Alice was just.',0,'2016-09-07 12:02:31','1998-09-05 20:05:51'),(92,92,92,'I must have been a RED rose-tree, and we won\'t talk about her repeating \'YOU ARE OLD, FATHER WILLIAM,\"\' said the King, rubbing his hands; \'so now let the Dormouse began in a voice she had someone to.',1,'1987-07-01 00:46:02','1989-07-30 06:09:06'),(93,93,93,'Alice. \'I\'ve so often read in the other. \'I beg pardon, your Majesty,\' the Hatter said, turning to the other, and growing sometimes taller and sometimes shorter, until she had not attended to this.',0,'2012-02-07 00:55:54','1988-09-08 02:03:39'),(94,94,94,'Queen, and in THAT direction,\' waving the other two were using it as to go with Edgar Atheling to meet William and offer him the crown. William\'s conduct at first she thought to herself \'It\'s the.',0,'2019-07-18 12:34:48','2012-05-11 02:17:12'),(95,95,95,'Alice looked down at her feet, for it to make the arches. The chief difficulty Alice found at first was moderate. But the insolence of his Normans--\" How are you getting on now, my dear?\' it.',0,'1990-07-16 07:36:14','2001-12-30 03:00:52'),(96,96,96,'They had not the right way of nursing it, (which was to twist it up into the sea, though you mayn\'t believe it--\' \'I never could abide figures!\' And with that she had hurt the poor little thing sat.',1,'1978-01-11 04:56:13','1984-12-31 00:46:17'),(97,97,97,'Footman, \'and that for two reasons. First, because I\'m on the slate. \'Herald, read the accusation!\' said the Mouse, frowning, but very glad she had to fall upon Alice, as she went round the thistle.',1,'1971-11-11 15:41:33','1977-12-21 20:51:49'),(98,98,98,'Five and Seven said nothing, but looked at Alice, as the Rabbit, and had just upset the milk-jug into his cup of tea, and looked anxiously at the flowers and the little glass box that was lying on.',1,'2004-06-25 07:22:26','1998-05-15 23:06:26'),(99,99,99,'Pigeon went on, spreading out the Fish-Footman was gone, and the executioner ran wildly up and say \"Who am I to do?\' said Alice. \'Of course it was,\' said the Dormouse, without considering at all.',1,'2011-11-04 15:18:14','1982-10-09 15:08:54'),(100,100,100,'We must have prizes.\' \'But who has won?\' This question the Dodo said, \'EVERYBODY has won, and all dripping wet, cross, and uncomfortable. The moment Alice felt that it would feel with all their.',1,'1983-02-28 14:56:22','2001-10-30 08:03:56');
/*!40000 ALTER TABLE `messages` ENABLE KEYS */;
UNLOCK TABLES;

--
-- Table structure for table `posts`
--

DROP TABLE IF EXISTS `posts`;
/*!40101 SET @saved_cs_client     = @@character_set_client */;
/*!40101 SET character_set_client = utf8 */;
CREATE TABLE `posts` (
  `id` bigint(20) unsigned NOT NULL AUTO_INCREMENT,
  `user_id` bigint(20) unsigned NOT NULL,
  `txt` text COLLATE utf8mb4_unicode_ci NOT NULL,
  `created_at` datetime DEFAULT current_timestamp(),
  `updated_at` datetime DEFAULT NULL ON UPDATE current_timestamp(),
  PRIMARY KEY (`id`),
  KEY `user_idx` (`user_id`),
  CONSTRAINT `user_posts_fk` FOREIGN KEY (`user_id`) REFERENCES `users` (`id`)
) ENGINE=InnoDB AUTO_INCREMENT=101 DEFAULT CHARSET=utf8mb4 COLLATE=utf8mb4_unicode_ci;
/*!40101 SET character_set_client = @saved_cs_client */;

--
-- Dumping data for table `posts`
--

LOCK TABLES `posts` WRITE;
/*!40000 ALTER TABLE `posts` DISABLE KEYS */;
INSERT INTO `posts` VALUES (1,1,'Duchess by this time.) \'You\'re nothing but a pack of cards: the Knave was standing before them, in chains, with a deep voice, \'What are tarts made of?\' Alice asked in a rather offended tone, \'was,.','2011-02-09 20:06:15','2009-12-27 16:55:20'),(2,2,'King. The White Rabbit with pink eyes ran close by it, and very angrily. \'A knot!\' said Alice, very much to-night, I should have croqueted the Queen\'s hedgehog just now, only it ran away when it.','1984-08-24 05:24:18','1991-08-25 12:43:53'),(3,3,'Alice heard the Queen\'s shrill cries to the general conclusion, that wherever you go to law: I will prosecute YOU.--Come, I\'ll take no denial; We must have been changed several times since then.\'.','1994-11-14 20:22:57','1982-02-01 14:38:39'),(4,4,'I\'m perfectly sure I have ordered\'; and she went on, \'you see, a dog growls when it\'s angry, and wags its tail about in a deep voice, \'are done with blacking, I believe.\' \'Boots and shoes under the.','1996-10-23 03:03:42','2000-03-26 02:42:46'),(5,5,'White Rabbit blew three blasts on the bank, and of having nothing to what I say--that\'s the same thing as \"I eat what I like\"!\' \'You might just as she could, and waited till she fancied she heard.','1998-06-14 00:33:02','2012-09-07 07:50:34'),(6,6,'The door led right into a butterfly, I should think you could manage it?) \'And what are YOUR shoes done with?\' said the Hatter. \'Nor I,\' said the Mock Turtle. \'No, no! The adventures first,\' said.','1976-02-17 08:12:28','2018-04-23 02:58:23'),(7,7,'Gryphon went on. \'I do,\' Alice hastily replied; \'at least--at least I know who I WAS when I find a thing,\' said the King. \'Then it doesn\'t matter which way it was all finished, the Owl, as a lark,.','1997-02-17 07:34:03','2002-12-06 17:13:58'),(8,8,'I don\'t think,\' Alice went on in the flurry of the legs of the tea--\' \'The twinkling of the e--e--evening, Beautiful, beautiful Soup!\' CHAPTER XI. Who Stole the Tarts? The King turned pale, and shut.','1970-02-01 18:04:21','1999-06-16 14:59:25'),(9,9,'White Rabbit, jumping up and down in an agony of terror. \'Oh, there goes his PRECIOUS nose\'; as an explanation. \'Oh, you\'re sure to kill it in the morning, just time to avoid shrinking away.','1983-04-12 08:52:19','2000-09-03 21:15:22'),(10,10,'Alice. \'I\'m glad they\'ve begun asking riddles.--I believe I can kick a little!\' She drew her foot slipped, and in THAT direction,\' waving the other side of the evening, beautiful Soup! \'Beautiful.','2015-01-10 23:31:55','2010-06-09 01:02:42'),(11,11,'At last the Gryphon never learnt it.\' \'Hadn\'t time,\' said the Mock Turtle. \'Certainly not!\' said Alice loudly. \'The idea of the house opened, and a great hurry, muttering to itself in a very poor.','2012-08-13 16:32:57','1971-05-14 23:00:26'),(12,12,'HATED cats: nasty, low, vulgar things! Don\'t let me help to undo it!\' \'I shall do nothing of tumbling down stairs! How brave they\'ll all think me at home! Why, I haven\'t had a large flower-pot that.','2003-07-11 03:41:32','1988-03-22 00:06:15'),(13,13,'Queen, \'and take this young lady to see the Mock Turtle said: \'I\'m too stiff. And the executioner ran wildly up and rubbed its eyes: then it chuckled. \'What fun!\' said the King. \'Shan\'t,\' said the.','1975-10-28 03:01:23','1990-06-03 06:26:11'),(14,14,'I know!\' exclaimed Alice, who felt ready to sink into the way of nursing it, (which was to twist it up into hers--she could hear him sighing as if his heart would break. She pitied him deeply. \'What.','1997-06-14 06:51:49','2006-04-20 21:49:16'),(15,15,'Some of the Lobster; I heard him declare, \"You have baked me too brown, I must be shutting up like a stalk out of a tree. By the time it vanished quite slowly, beginning with the Duchess, \'as pigs.','1985-10-29 09:02:33','2013-05-06 17:13:14'),(16,16,'I tell you!\' said Alice. \'Who\'s making personal remarks now?\' the Hatter instead!\' CHAPTER VII. A Mad Tea-Party There was no \'One, two, three, and away,\' but they were IN the well,\' Alice said with.','1999-07-06 18:07:01','1991-11-16 06:25:35'),(17,17,'Mock Turtle: \'nine the next, and so on; then, when you\'ve cleared all the jurors had a VERY unpleasant state of mind, she turned away. \'Come back!\' the Caterpillar took the hookah out of his.','1973-09-06 15:21:44','1996-08-10 20:28:19'),(18,18,'Cat in a large flower-pot that stood near. The three soldiers wandered about in the lap of her hedgehog. The hedgehog was engaged in a minute or two, it was out of sight. Alice remained looking.','1984-05-09 10:52:43','2017-12-09 07:06:54'),(19,19,'Hatter, and here the conversation a little. \'\'Tis so,\' said Alice. \'I\'m glad they\'ve begun asking riddles.--I believe I can guess that,\' she added in an impatient tone: \'explanations take such a.','2007-04-21 19:52:09','1995-11-19 21:16:08'),(20,20,'Footman continued in the long hall, and close to her: first, because the chimneys were shaped like ears and the Queen\'s ears--\' the Rabbit say, \'A barrowful will do, to begin with.\' \'A barrowful of.','1974-10-27 18:46:00','1985-06-12 14:11:23'),(21,21,'Queen in a sulky tone, as it turned round and get ready to play croquet.\' The Frog-Footman repeated, in the schoolroom, and though this was of very little use without my shoulders. Oh, how I wish.','2006-06-22 10:18:10','2005-08-25 13:54:04'),(22,22,'And how odd the directions will look! ALICE\'S RIGHT FOOT, ESQ. HEARTHRUG, NEAR THE FENDER, (WITH ALICE\'S LOVE). Oh dear, what nonsense I\'m talking!\' Just then she noticed that one of the sort,\' said.','2017-03-31 01:44:53','1974-12-25 02:53:56'),(23,23,'Duchess replied, in a tone of great relief. \'Call the next witness. It quite makes my forehead ache!\' Alice watched the White Rabbit was no longer to be Number One,\' said Alice. \'Exactly so,\' said.','1986-07-06 04:48:55','1970-01-21 17:54:04'),(24,24,'I do it again and again.\' \'You are old,\' said the Dormouse shook itself, and began whistling. \'Oh, there\'s no use in saying anything more till the puppy\'s bark sounded quite faint in the act of.','2008-02-11 19:48:08','2012-08-20 16:50:53'),(25,25,'English!\' said the King; \'and don\'t look at the bottom of a sea of green leaves that lay far below her. \'What CAN all that stuff,\' the Mock Turtle persisted. \'How COULD he turn them out of the hall:.','2017-01-31 00:58:28','1975-11-07 19:46:56'),(26,26,'The pepper when he pleases!\' CHORUS. \'Wow! wow! wow!\' While the Duchess replied, in a great letter, nearly as large as himself, and this was his first speech. \'You should learn not to make ONE.','1992-10-24 16:42:04','1970-08-18 01:23:29'),(27,27,'King had said that day. \'That PROVES his guilt,\' said the King say in a tone of delight, and rushed at the sudden change, but very glad to do it?\' \'In my youth,\' Father William replied to his ear..','1993-04-17 02:19:30','2012-09-08 22:31:33'),(28,28,'I learn music.\' \'Ah! that accounts for it,\' said the Queen. \'I never could abide figures!\' And with that she had hurt the poor little thing sat down at her for a great crowd assembled about.','2015-06-11 22:27:23','2012-08-30 16:23:08'),(29,29,'Alice remained looking thoughtfully at the beginning,\' the King said to a farmer, you know, as we were. My notion was that it is!\' As she said to the tarts on the glass table as before, \'and things.','2009-12-22 16:07:57','2011-08-29 01:15:25'),(30,30,'And he added looking angrily at the window.\' \'THAT you won\'t\' thought Alice, \'to pretend to be told so. \'It\'s really dreadful,\' she muttered to herself, rather sharply; \'I advise you to learn?\'.','1974-08-06 05:56:04','2010-12-15 00:48:00'),(31,31,'MYSELF, I\'m afraid, but you might do very well as I was going to remark myself.\' \'Have you guessed the riddle yet?\' the Hatter and the Dormouse shall!\' they both sat silent and looked at it, busily.','2016-03-29 09:27:53','2014-03-01 22:04:27'),(32,32,'Christmas.\' And she went on, taking first one side and then she walked off, leaving Alice alone with the Dormouse. \'Fourteenth of March, I think you\'d better ask HER about it.\' (The jury all.','1979-03-31 11:04:36','2009-05-17 06:52:44'),(33,33,'Bill\'s got the other--Bill! fetch it here, lad!--Here, put \'em up at this moment the King, and the roof off.\' After a time there were ten of them, with her head!\' Alice glanced rather anxiously at.','2011-07-19 09:10:50','1993-12-07 19:06:10'),(34,34,'The Dormouse shook its head to feel very uneasy: to be sure; but I THINK I can remember feeling a little pattering of feet in a very little! Besides, SHE\'S she, and I\'m sure _I_ shan\'t be beheaded!\'.','1997-12-13 17:52:01','1985-09-30 00:04:08'),(35,35,'Alice again, for she was dozing off, and Alice guessed in a moment: she looked down at once, she found to be sure! However, everything is queer to-day.\' Just then she remembered trying to put the.','2000-11-08 03:12:47','1997-08-25 21:58:40'),(36,36,'But she did not wish to offend the Dormouse crossed the court, by the White Rabbit, trotting slowly back again, and Alice looked at Alice, and sighing. \'It IS a Caucus-race?\' said Alice; \'it\'s laid.','1976-07-21 02:37:39','2005-10-18 21:49:45'),(37,37,'SOME change in my own tears! That WILL be a LITTLE larger, sir, if you like!\' the Duchess began in a sort of people live about here?\' \'In THAT direction,\' the Cat in a low voice, \'Why the fact is,.','1980-09-26 15:41:39','1988-02-29 02:21:33'),(38,38,'So they began solemnly dancing round and look up in spite of all the right way to fly up into a tree. By the use of repeating all that stuff,\' the Mock Turtle said with a soldier on each side to.','1991-07-14 10:38:28','1994-01-15 01:50:22'),(39,39,'Alice hastily replied; \'at least--at least I know who I WAS when I sleep\" is the driest thing I ask! It\'s always six o\'clock now.\' A bright idea came into her eyes; and once she remembered the.','2010-05-08 12:37:20','1972-03-08 01:47:05'),(40,40,'Dormouse sulkily remarked, \'If you didn\'t like cats.\' \'Not like cats!\' cried the Gryphon. \'The reason is,\' said the March Hare. \'It was the first sentence in her face, and large eyes like a stalk.','1994-11-07 09:00:08','1996-01-26 23:50:29'),(41,41,'Hatter. \'You MUST remember,\' remarked the King, \'that saves a world of trouble, you know, this sort in her pocket) till she got back to the tarts on the door of the cakes, and was going on within--a.','2014-12-30 08:44:08','2002-11-15 04:36:50'),(42,42,'Gryphon at the flowers and those cool fountains, but she could see it trot away quietly into the roof bear?--Mind that loose slate--Oh, it\'s coming down! Heads below!\' (a loud crash)--\'Now, who did.','2003-06-13 07:44:44','1999-06-24 02:26:45'),(43,43,'But the snail replied \"Too far, too far!\" and gave a little glass table. \'Now, I\'ll manage better this time,\' she said, \'and see whether it\'s marked \"poison\" or not\'; for she had known them all her.','1990-05-07 23:11:09','1980-05-22 09:10:56'),(44,44,'She pitied him deeply. \'What is it?\' Alice panted as she heard was a dead silence instantly, and Alice joined the procession, wondering very much confused, \'I don\'t know of any that do,\' Alice said.','1983-01-20 02:01:06','1979-07-06 15:01:29'),(45,45,'I know I have dropped them, I wonder?\' As she said this, she was up to Alice, she went back for a minute or two, and the Queen was silent. The King and the constant heavy sobbing of the ground.\' So.','1976-10-23 20:12:10','1978-04-21 02:42:42'),(46,46,'So they went on without attending to her; \'but those serpents! There\'s no pleasing them!\' Alice was very fond of beheading people here; the great question certainly was, what? Alice looked all round.','1988-03-16 21:10:16','2004-06-14 08:18:25'),(47,47,'Five. \'I heard the King and Queen of Hearts, he stole those tarts, And took them quite away!\' \'Consider your verdict,\' he said in an undertone to the table for it, he was obliged to say than his.','1991-09-01 21:12:43','2009-02-17 15:13:35'),(48,48,'March Hare. \'Exactly so,\' said Alice. \'Come, let\'s try the first question, you know.\' Alice had begun to dream that she ran off as hard as it left no mark on the shingle--will you come to the cur,.','1987-03-05 15:38:00','2020-07-22 20:23:49'),(49,49,'Lory. Alice replied in a sorrowful tone; \'at least there\'s no room to open it; but, as the rest of my own. I\'m a deal too far off to the beginning of the house before she had looked under it, and.','1992-10-26 20:38:05','2013-04-26 18:45:26'),(50,50,'MUST be more to come, so she waited. The Gryphon lifted up both its paws in surprise. \'What! Never heard of such a very small cake, on which the cook had disappeared. \'Never mind!\' said the Duchess..','1991-12-12 17:01:31','2016-10-19 09:14:14'),(51,51,'However, it was a large crowd collected round it: there were three little sisters,\' the Dormouse again, so violently, that she did not venture to ask the question?\' said the Hatter: \'as the things.','1978-01-08 00:26:20','1995-01-10 08:26:57'),(52,52,'The master was an uncomfortably sharp chin. However, she did not venture to ask his neighbour to tell me your history, she do.\' \'I\'ll tell it her,\' said the Queen. \'Well, I hardly know--No more,.','1993-03-02 23:16:17','1970-09-02 02:48:49'),(53,53,'Gryphon only answered \'Come on!\' cried the Gryphon. \'The reason is,\' said the Lory hastily. \'I thought you did,\' said the White Rabbit read out, at the mushroom for a long breath, and till the eyes.','2002-04-13 23:34:56','1980-11-23 23:14:15'),(54,54,'I\'d been the right distance--but then I wonder if I would talk on such a simple question,\' added the Queen. \'Sentence first--verdict afterwards.\' \'Stuff and nonsense!\' said Alice a little pattering.','1996-11-27 22:12:06','1995-02-02 10:56:35'),(55,55,'Gryphon. \'The reason is,\' said the Hatter. Alice felt that it led into a line along the passage into the sky. Alice went on, \'you see, a dog growls when it\'s angry, and wags its tail when it\'s.','2009-04-30 09:15:38','2020-08-03 03:16:51'),(56,56,'Cat, as soon as the Dormouse go on in these words: \'Yes, we went to school every day--\' \'I\'VE been to a day-school, too,\' said Alice; \'I might as well say,\' added the March Hare said in a natural.','1977-02-12 14:27:47','1980-08-15 11:30:17'),(57,57,'Dodo solemnly, rising to its feet, \'I move that the best of educations--in fact, we went to work at once and put it to be Involved in this way! Stop this moment, and fetch me a pair of gloves and.','1994-03-31 16:53:08','1973-08-25 13:41:40'),(58,58,'Lizard, who seemed to have no idea how confusing it is you hate--C and D,\' she added in an agony of terror. \'Oh, there goes his PRECIOUS nose\'; as an explanation; \'I\'ve none of YOUR business, Two!\'.','2015-10-09 07:55:18','1991-05-08 02:27:14'),(59,59,'I\'ll just see what was the matter with it. There could be NO mistake about it: it was impossible to say which), and they walked off together. Alice was a good deal frightened at the thought that.','1992-09-17 09:27:03','1989-06-23 02:04:52'),(60,60,'But here, to Alice\'s side as she went out, but it was only too glad to find her way out. \'I shall do nothing of the sea.\' \'I couldn\'t help it,\' said the Mock Turtle Soup is made from,\' said the.','2010-07-28 05:05:06','2003-09-14 18:34:56'),(61,61,'Cat, \'if you only kept on puzzling about it in with a sigh: \'it\'s always tea-time, and we\'ve no time to begin at HIS time of life. The King\'s argument was, that you have of putting things!\' \'It\'s a.','1990-02-11 18:04:41','2000-12-26 11:56:58'),(62,62,'BEE,\" but it said nothing. \'This here young lady,\' said the Duchess; \'and most of \'em do.\' \'I don\'t even know what they\'re about!\' \'Read them,\' said the Caterpillar, and the second time round, she.','2006-09-29 02:07:25','2013-12-15 13:56:57'),(63,63,'I wonder what Latitude or Longitude either, but thought they were nowhere to be sure, this generally happens when you have to fly; and the executioner went off like an honest man.\' There was.','1980-09-25 15:49:55','1981-11-11 18:30:32'),(64,64,'Mouse, turning to Alice, and she hastily dried her eyes filled with tears again as quickly as she had someone to listen to her. The Cat only grinned a little anxiously. \'Yes,\' said Alice, \'and why.','2010-04-21 01:02:32','1994-06-29 08:50:17'),(65,65,'The Queen had never left off sneezing by this time). \'Don\'t grunt,\' said Alice; \'I can\'t remember things as I was sent for.\' \'You ought to have changed since her swim in the other. \'I beg your.','2001-12-18 22:25:21','2019-07-04 14:43:27'),(66,66,'Good-bye, feet!\' (for when she caught it, and yet it was labelled \'ORANGE MARMALADE\', but to get us dry would be worth the trouble of getting up and rubbed its eyes: then it chuckled. \'What fun!\'.','2020-08-14 02:32:25','1988-09-02 11:01:16'),(67,67,'Lizard in head downwards, and the turtles all advance! They are waiting on the Duchess\'s knee, while plates and dishes crashed around it--once more the shriek of the officers: but the great puzzle!\'.','1980-08-02 14:28:50','2016-01-03 18:41:30'),(68,68,'Hatter. \'I told you that.\' \'If I\'d been the whiting,\' said Alice, \'a great girl like you,\' (she might well say that \"I see what was the White Rabbit; \'in fact, there\'s nothing written on the.','2006-07-11 11:54:25','2021-03-17 06:55:33'),(69,69,'THIS!\' (Sounds of more energetic remedies--\' \'Speak English!\' said the Queen till she fancied she heard a voice sometimes choked with sobs, to sing \"Twinkle, twinkle, little bat! How I wonder if.','1992-09-24 20:30:04','1992-11-16 11:39:43'),(70,70,'Gryphon hastily. \'Go on with the other side of the edge of the sort!\' said Alice. \'I mean what I was sent for.\' \'You ought to be seen: she found to be no sort of circle, (\'the exact shape doesn\'t.','2017-07-11 13:40:32','2020-11-20 06:14:18'),(71,71,'The Mouse did not at all for any of them. However, on the glass table and the little golden key in the shade: however, the moment she quite forgot how to speak again. In a minute or two, which gave.','2003-10-26 17:41:50','2006-12-28 02:02:09'),(72,72,'The Mouse looked at the mouth with strings: into this they slipped the guinea-pig, head first, and then said \'The fourth.\' \'Two days wrong!\' sighed the Hatter. Alice felt dreadfully puzzled. The.','1997-09-01 01:02:33','1981-04-27 00:08:38'),(73,73,'The Duchess took her choice, and was just saying to her ear, and whispered \'She\'s under sentence of execution. Then the Queen added to one of the tea--\' \'The twinkling of the garden: the roses.','1993-11-26 08:03:24','2009-05-08 05:59:46'),(74,74,'Alice replied very gravely. \'What else had you to set about it; if I\'m not the smallest notice of them were animals, and some \'unimportant.\' Alice could only hear whispers now and then; such as,.','1996-01-30 01:25:55','2006-10-21 06:08:39'),(75,75,'Dormouse, without considering at all a pity. I said \"What for?\"\' \'She boxed the Queen\'s voice in the book,\' said the Cat; and this was of very little way off, panting, with its tongue hanging out of.','2018-03-24 15:43:10','2002-03-28 23:34:06'),(76,76,'Like a tea-tray in the grass, merely remarking as it went, \'One side will make you a couple?\' \'You are old,\' said the Mock Turtle said: \'advance twice, set to work at once without waiting for the.','1971-04-22 09:44:44','1981-05-27 22:31:49'),(77,77,'SLUGGARD,\"\' said the Mock Turtle: \'why, if a fish came to ME, and told me you had been for some minutes. The Caterpillar and Alice guessed in a low trembling voice, \'--and I hadn\'t quite finished my.','1977-01-24 22:40:29','2001-11-26 11:00:02'),(78,78,'The next witness was the Rabbit came near her, about four inches deep and reaching half down the chimney!\' \'Oh! So Bill\'s got the other--Bill! fetch it here, lad!--Here, put \'em up at the end of the.','2009-01-27 22:56:45','1972-03-08 05:26:13'),(79,79,'ONE with such sudden violence that Alice had never been so much already, that it might belong to one of the party sat silent for a minute or two she stood looking at everything that was linked into.','2008-09-01 22:55:28','2002-03-02 05:50:13'),(80,80,'Dinah, if I shall think nothing of tumbling down stairs! How brave they\'ll all think me for his housemaid,\' she said to Alice, that she ran with all her coaxing. Hardly knowing what she was terribly.','2003-09-29 14:25:54','1987-06-27 10:43:29'),(81,81,'No, there were TWO little shrieks, and more faintly came, carried on the shingle--will you come to an end! \'I wonder what they\'ll do well enough; and what does it matter to me whether you\'re nervous.','1981-04-02 14:45:43','1973-02-12 06:25:30'),(82,82,'Mock Turtle sang this, very slowly and sadly:-- \'\"Will you walk a little before she came upon a heap of sticks and dry leaves, and the executioner went off like an arrow. The Cat\'s head began fading.','2007-12-30 19:33:40','1991-02-05 19:10:35'),(83,83,'Alice remarked. \'Right, as usual,\' said the White Rabbit, who was a little scream, half of anger, and tried to beat time when I learn music.\' \'Ah! that accounts for it,\' said Alice. \'I\'m glad.','1972-01-10 05:43:53','1991-05-11 13:10:31'),(84,84,'Canary called out to her ear. \'You\'re thinking about something, my dear, YOU must cross-examine the next verse,\' the Gryphon hastily. \'Go on with the lobsters, out to be sure; but I don\'t think,\'.','1991-09-28 03:34:29','1986-07-28 03:53:21'),(85,85,'She waited for some time without hearing anything more: at last in the lock, and to stand on your shoes and stockings for you now, dears? I\'m sure I don\'t care which happens!\' She ate a little of.','1992-09-19 17:42:32','1975-05-08 23:07:42'),(86,86,'I--\' \'Oh, don\'t bother ME,\' said Alice a little pattering of feet in a wondering tone. \'Why, what are they doing?\' Alice whispered to the door, and tried to curtsey as she could do, lying down with.','1983-01-04 15:32:13','1971-10-19 17:07:23'),(87,87,'I only wish it was,\' said the Queen, tossing her head struck against the door, staring stupidly up into a graceful zigzag, and was surprised to find any. And yet you incessantly stand on their.','1976-07-02 08:25:13','2007-05-28 23:54:11'),(88,88,'I\'ll try if I must, I must,\' the King was the fan and the happy summer days. THE.','1980-12-13 19:31:58','2004-02-28 21:15:01'),(89,89,'Mouse, getting up and down in a confused way, \'Prizes! Prizes!\' Alice had no pictures or conversations in it, and very soon finished off the cake. * * * * CHAPTER II. The Pool of Tears \'Curiouser.','1977-05-05 08:37:58','1991-08-03 14:44:28'),(90,90,'Alice, she went on, very much to-night, I should understand that better,\' Alice said very politely, feeling quite pleased to have finished,\' said the King, and the fall NEVER come to the rose-tree,.','1980-12-29 09:42:36','1970-11-17 08:15:23'),(91,91,'I only knew the meaning of it in a tone of great relief. \'Call the first position in which the cook was busily stirring the soup, and seemed to have it explained,\' said the King. The White Rabbit.','1985-07-04 01:35:47','2020-02-07 02:12:38'),(92,92,'CHORUS. \'Wow! wow! wow!\' \'Here! you may stand down,\' continued the King. Here one of the shelves as she could, and soon found an opportunity of showing off her knowledge, as there seemed to be.','2016-05-05 00:58:39','1974-05-24 08:46:40'),(93,93,'Mock Turtle repeated thoughtfully. \'I should like to hear the words:-- \'I speak severely to my right size to do it! Oh dear! I shall have somebody to talk nonsense. The Queen\'s Croquet-Ground A.','2010-09-18 22:45:42','2015-01-12 19:14:41'),(94,94,'Forty-two. ALL PERSONS MORE THAN A MILE HIGH TO LEAVE THE COURT.\' Everybody looked at it, busily painting them red. Alice thought the whole pack rose up into a graceful zigzag, and was going to.','2016-01-09 08:01:13','1994-07-13 10:23:00'),(95,95,'Improve his shining tail, And pour the waters of the March Hare. \'Exactly so,\' said Alice. \'I mean what I used to say.\' \'So he did, so he with his head!\' she said, \'for her hair goes in such a fall.','1983-01-28 03:12:56','1982-11-29 18:43:32'),(96,96,'Wonderland, though she felt certain it must be Mabel after all, and I shall only look up in her life; it was certainly not becoming. \'And that\'s the jury-box,\' thought Alice, \'to speak to this.','2013-10-04 14:16:38','2017-06-12 00:59:31'),(97,97,'Mock Turtle Soup is made from,\' said the Hatter. \'Does YOUR watch tell you just now what the moral of that is--\"The more there is of mine, the less there is of finding morals in things!\' Alice.','2008-01-27 10:44:25','1977-11-20 07:39:09'),(98,98,'On various pretexts they all quarrel so dreadfully one can\'t hear oneself speak--and they don\'t seem to be\"--or if you\'d rather not.\' \'We indeed!\' cried the Mouse, sharply and very angrily. \'A.','1980-12-01 15:38:59','2007-04-30 21:59:05'),(99,99,'Dormouse; \'--well in.\' This answer so confused poor Alice, \'to pretend to be no use in knocking,\' said the Dormouse sulkily remarked, \'If you didn\'t like cats.\' \'Not like cats!\' cried the Mouse, who.','1976-08-14 09:39:39','1991-08-03 20:03:11'),(100,100,'Alice, they all stopped and looked at it, and on both sides of it, and very angrily. \'A knot!\' said Alice, \'how am I to get out at all fairly,\' Alice began, in a day did you do either!\' And the.','1992-07-08 02:04:59','1987-04-07 18:54:08');
/*!40000 ALTER TABLE `posts` ENABLE KEYS */;
UNLOCK TABLES;

--
-- Table structure for table `posts_likes`
--

DROP TABLE IF EXISTS `posts_likes`;
/*!40101 SET @saved_cs_client     = @@character_set_client */;
/*!40101 SET character_set_client = utf8 */;
CREATE TABLE `posts_likes` (
  `post_id` bigint(20) unsigned NOT NULL,
  `user_id` bigint(20) unsigned NOT NULL,
  `like_type` tinyint(1) DEFAULT 1,
  PRIMARY KEY (`post_id`,`user_id`),
  KEY `post_idx` (`post_id`),
  KEY `user_idx` (`user_id`),
  CONSTRAINT `posts_likes_fk` FOREIGN KEY (`post_id`) REFERENCES `posts` (`id`),
  CONSTRAINT `users_likes_fk` FOREIGN KEY (`user_id`) REFERENCES `users` (`id`)
) ENGINE=InnoDB DEFAULT CHARSET=utf8mb4 COLLATE=utf8mb4_unicode_ci;
/*!40101 SET character_set_client = @saved_cs_client */;

--
-- Dumping data for table `posts_likes`
--

LOCK TABLES `posts_likes` WRITE;
/*!40000 ALTER TABLE `posts_likes` DISABLE KEYS */;
INSERT INTO `posts_likes` VALUES (1,1,1),(2,2,1),(3,3,1),(4,4,1),(5,5,1),(6,6,1),(7,7,1),(8,8,1),(9,9,1),(10,10,1),(11,11,1),(12,12,1),(13,13,1),(14,14,1),(15,15,1),(16,16,1),(17,17,1),(18,18,1),(19,19,1),(20,20,1),(21,21,1),(22,22,1),(23,23,1),(24,24,1),(25,25,1),(26,26,1),(27,27,1),(28,28,1),(29,29,1),(30,30,1),(31,31,1),(32,32,1),(33,33,1),(34,34,1),(35,35,1),(36,36,1),(37,37,1),(38,38,1),(39,39,1),(40,40,1),(41,41,1),(42,42,1),(43,43,1),(44,44,1),(45,45,1),(46,46,1),(47,47,1),(48,48,1),(49,49,1),(50,50,1),(51,51,1),(52,52,1),(53,53,1),(54,54,1),(55,55,1),(56,56,1),(57,57,1),(58,58,1),(59,59,1),(60,60,1),(61,61,1),(62,62,1),(63,63,1),(64,64,1),(65,65,1),(66,66,1),(67,67,1),(68,68,1),(69,69,1),(70,70,1),(71,71,1),(72,72,1),(73,73,1),(74,74,1),(75,75,1),(76,76,1),(77,77,1),(78,78,1),(79,79,1),(80,80,1),(81,81,1),(82,82,1),(83,83,1),(84,84,1),(85,85,1),(86,86,1),(87,87,1),(88,88,1),(89,89,1),(90,90,1),(91,91,1),(92,92,1),(93,93,1),(94,94,1),(95,95,1),(96,96,1),(97,97,1),(98,98,1),(99,99,1),(100,100,1);
/*!40000 ALTER TABLE `posts_likes` ENABLE KEYS */;
UNLOCK TABLES;

--
-- Table structure for table `profiles`
--

DROP TABLE IF EXISTS `profiles`;
/*!40101 SET @saved_cs_client     = @@character_set_client */;
/*!40101 SET character_set_client = utf8 */;
CREATE TABLE `profiles` (
  `user_id` bigint(20) unsigned NOT NULL,
  `gender` enum('f','m','x') COLLATE utf8mb4_unicode_ci NOT NULL,
  `birthday` date NOT NULL,
  `photo_id` bigint(20) unsigned DEFAULT NULL,
  `user_status` varchar(30) COLLATE utf8mb4_unicode_ci DEFAULT NULL,
  `city` varchar(130) COLLATE utf8mb4_unicode_ci DEFAULT NULL,
  `country` varchar(130) COLLATE utf8mb4_unicode_ci DEFAULT NULL,
  PRIMARY KEY (`user_id`),
  UNIQUE KEY `photo_id` (`photo_id`),
  CONSTRAINT `fk_profiles_media` FOREIGN KEY (`photo_id`) REFERENCES `media` (`id`),
  CONSTRAINT `fk_profiles_users` FOREIGN KEY (`user_id`) REFERENCES `users` (`id`)
) ENGINE=InnoDB DEFAULT CHARSET=utf8mb4 COLLATE=utf8mb4_unicode_ci;
/*!40101 SET character_set_client = @saved_cs_client */;

--
-- Dumping data for table `profiles`
--

LOCK TABLES `profiles` WRITE;
/*!40000 ALTER TABLE `profiles` DISABLE KEYS */;
INSERT INTO `profiles` VALUES (1,'x','2006-07-27',1,'Et dolores voluptas sit evenie','North Garfieldfort','1'),(2,'f','1975-01-05',2,'Eius reprehenderit velit repel','Trishahaven','1415069'),(3,'m','2012-11-10',3,'Accusantium earum distinctio u','East Claire','261944931'),(4,'f','1992-06-28',4,'Aperiam omnis est quae optio i','Lake Juddbury','69'),(5,'x','2001-12-29',5,'Fuga accusamus et incidunt vit','New Cassandraland','3629'),(6,'x','1982-09-29',6,'Non temporibus in id numquam p','South Tomasville','4'),(7,'f','1989-05-05',7,'Consequatur quidem accusantium','Aleenfort','9'),(8,'x','1990-05-15',8,'Natus est voluptatem doloribus','Nitzschemouth','79387002'),(9,'x','1999-08-06',9,'Soluta omnis dolor quia ut. Od','Willmschester','819'),(10,'f','2018-12-29',10,'Inventore sint aperiam ab quas','South Lucy','2468'),(11,'m','1976-10-10',11,'Est modi facere nemo architect','Wymanport','1282'),(12,'f','1971-07-01',12,'Recusandae exercitationem aut ','New Uriahville','8544497'),(13,'m','1971-07-14',13,'Dolorem molestiae libero quae ','New Sonnybury','19009'),(14,'m','1990-09-18',14,'At totam quos et cumque quae r','Kihnbury','97339840'),(15,'f','1987-10-14',15,'Ipsam ut fuga necessitatibus i','Forestberg','1394709'),(16,'f','2016-03-05',16,'Exercitationem sit rerum porro','West Tatyanafurt','94761884'),(17,'x','2009-11-09',17,'Fugiat deleniti tempore dolore','North Dashawn','14785062'),(18,'m','2010-11-23',18,'Corrupti eos rerum iste esse v','New Lucinda','7'),(19,'x','2010-11-26',19,'Voluptas eos ab minus eligendi','Port Kamille','57882'),(20,'f','2016-09-26',20,'Dicta quo illum optio sit quo ','Schummmouth','264'),(21,'x','1976-10-19',21,'Ad nihil quo provident cum rep','South Jalyn','106458126'),(22,'m','1986-08-24',22,'Odit tempore quis dicta ut dol','Runtestad','7691377'),(23,'x','2002-08-25',23,'Eos eius a voluptatem numquam ','Port Adell','7039822'),(24,'x','1983-02-21',24,'Dolor dolores quis numquam ab ','West Sherwoodview','483'),(25,'x','1978-05-22',25,'Similique et quibusdam iusto v','Viviennetown','955131'),(26,'m','2008-08-29',26,'Ut dolor sed voluptate velit. ','North Merlin','3'),(27,'m','1981-10-08',27,'Ut ea delectus nisi. Et est ra','Jaylenland','290'),(28,'f','1972-11-14',28,'Facilis non et error temporibu','Port Ismaelfort','4936017'),(29,'x','2009-06-18',29,'Qui autem consectetur aut pari','New Merlin','9'),(30,'x','2018-08-21',30,'Iste architecto porro debitis ','North Tressa','5070025'),(31,'m','2000-12-17',31,'Cupiditate nemo non numquam as','New Jordanstad','17'),(32,'m','1972-03-09',32,'Optio animi rerum reiciendis e','West Nestor','14355'),(33,'m','2009-06-07',33,'Adipisci totam iste saepe aut ','Cummeratatown','27365'),(34,'x','2016-08-01',34,'Non animi ut ipsam assumenda r','West Lukas','19953306'),(35,'m','1988-11-23',35,'Molestiae dolor perspiciatis o','Majorhaven','81'),(36,'x','1975-12-16',36,'Ea quo corporis tempora a laud','Jaimefort','44'),(37,'m','1981-12-18',37,'Modi ut veritatis accusantium ','Kristinberg','72946683'),(38,'f','1992-05-23',38,'Vel modi eveniet voluptas dolo','Judahville','7346785'),(39,'m','2007-03-23',39,'Vel rerum rerum voluptatum imp','Port Archibald','697'),(40,'m','2018-06-12',40,'Excepturi atque nihil sed illu','Willmsport','544819'),(41,'f','1996-04-30',41,'Non praesentium sed eaque aliq','East Thomas','3794387'),(42,'f','1994-03-29',42,'Nam provident est blanditiis s','Tremaineton','2067551'),(43,'f','1981-11-06',43,'Voluptas dignissimos mollitia ','Aliviatown',''),(44,'x','2015-10-18',44,'Qui dolor deserunt veritatis f','Lourdesburgh','41150939'),(45,'f','2013-09-13',45,'Unde architecto eum hic dolor ','Dickinsonfurt','9459'),(46,'f','1998-09-11',46,'Sed odit omnis dicta amet et. ','Schmidtstad','212'),(47,'f','1994-10-08',47,'Sint fuga vitae et dignissimos','Lake Hobartshire',''),(48,'m','2003-05-31',48,'Quia quia dicta aut vero et re','Port Orlo','5897165'),(49,'x','1988-02-07',49,'Sit sed asperiores cupiditate ','Aniyaport','85605'),(50,'m','1983-06-10',50,'Aut autem officia maiores dolo','Croninfort','67823810'),(51,'f','1979-08-14',51,'Est eos ducimus quia consequat','East Oceane','9866694'),(52,'f','2016-10-11',52,'Reiciendis est totam odio occa','Lake Mariane','5811483'),(53,'m','2000-11-28',53,'Voluptatibus minima qui quia s','Nelsfort','789665'),(54,'x','2013-11-03',54,'Fuga soluta saepe cupiditate f','Vincentmouth','3747632'),(55,'x','1981-01-03',55,'Sunt voluptate nihil et odio t','Dangelomouth','435178'),(56,'x','1985-02-13',56,'Mollitia mollitia officiis qui','New Kenya','14'),(57,'f','1992-01-17',57,'Velit atque totam nihil ut. Do','Kasandrachester',''),(58,'m','2010-09-22',58,'Cum nihil accusamus et tempora','West Doris','928739'),(59,'f','1981-06-10',59,'Aperiam unde eum aspernatur ap','Rexberg','80117'),(60,'m','1979-04-24',60,'Neque debitis consectetur elig','Dooleyport','55476431'),(61,'x','2004-03-16',61,'Molestiae et voluptatem aliqua','Charleyview','59074'),(62,'m','1980-03-07',62,'Consequuntur similique et libe','Port Cydneyshire',''),(63,'x','2010-04-05',63,'Debitis minus aliquid quia et ','Brakusshire','289664286'),(64,'m','2020-06-26',64,'Laborum aut et molestiae praes','West Hope','4519447'),(65,'x','2020-02-06',65,'Qui voluptate velit perferendi','New Haylee',''),(66,'x','2015-12-09',66,'Aut corporis quaerat pariatur ','Jeradville','28'),(67,'f','2005-01-04',67,'Maiores omnis quasi iusto veli','Wiegandton','73315'),(68,'f','1996-01-27',68,'Quia fugiat iste ipsa deserunt','South Clementina','239405831'),(69,'f','2006-04-14',69,'Repudiandae voluptatibus neces','Lilyanside','2073655'),(70,'x','2020-07-27',70,'Iure aut excepturi nisi aut qu','New Aniyahfurt','235886028'),(71,'x','2013-11-17',71,'Sed reiciendis et et. Maiores ','Lake Forrestchester','923'),(72,'x','1993-04-18',72,'Cupiditate velit explicabo dic','North Alvertamouth',''),(73,'x','1985-03-08',73,'Qui ullam doloremque dolorum c','East Triston',''),(74,'f','2005-08-10',74,'Non voluptatibus assumenda ab ','Port Lambert','60831724'),(75,'x','1992-09-16',75,'Sequi molestias velit eum quib','Lake Skye','6989'),(76,'x','1998-02-24',76,'Odit omnis saepe placeat natus','South Desiree','82'),(77,'f','2006-03-10',77,'Sapiente rerum ea officiis ame','Waelchiview','994837'),(78,'m','2015-11-09',78,'Eos natus in cupiditate qui co','South Shannatown','3'),(79,'x','2020-10-20',79,'Mollitia numquam culpa dolorem','Dellaborough','31'),(80,'x','2009-06-09',80,'Qui voluptatem qui saepe eaque','Terrystad','17428877'),(81,'f','2014-10-11',81,'Vero maxime occaecati culpa no','Lake Sofia',''),(82,'m','2003-01-27',82,'Corrupti necessitatibus est su','Port Justontown','4'),(83,'x','2000-05-19',83,'Tenetur facere facilis totam s','West Felipa','94'),(84,'f','1975-06-12',84,'Facilis voluptatibus repellend','West Clayberg','154599126'),(85,'x','1970-01-22',85,'Enim non cupiditate tempore re','Zulauffort','347'),(86,'f','1989-01-05',86,'Tenetur et dolores totam natus','Jeffereyland','49'),(87,'f','1999-03-04',87,'Incidunt harum laudantium aut ','Lake Myrtle','2748387'),(88,'x','2003-05-29',88,'Facilis facilis error sunt aut','North Derrick','789965'),(89,'f','1972-10-09',89,'Maiores optio consequuntur vel','New Kim','53329087'),(90,'f','1974-08-03',90,'Quas animi voluptatem necessit','Streichborough','307'),(91,'m','2011-01-21',91,'Provident autem suscipit omnis','West Chaddmouth','8'),(92,'f','2003-11-30',92,'Pariatur expedita reiciendis q','Lake Ethelyn','78807'),(93,'f','1977-09-29',93,'Quia nulla dolores expedita et','Serenityville','61541'),(94,'x','1980-08-24',94,'Sed a quia vitae facere aspern','Kellyshire','6'),(95,'x','2016-08-07',95,'Velit non quos quas tenetur. S','Mrazhaven','881556'),(96,'m','2004-10-11',96,'In in doloremque eum placeat. ','Tiaraland','3945635'),(97,'x','1994-01-19',97,'Non sed labore vel accusamus s','South Darrickstad',''),(98,'x','1989-06-12',98,'Voluptatem sequi sed provident','Hudsonshire','816886'),(99,'f','1982-05-16',99,'Repellat maiores qui quod ut v','Lake Arvilla','6854053'),(100,'x','1993-10-20',100,'Consequatur aut itaque eaque v','Cummerataberg','7207431');
/*!40000 ALTER TABLE `profiles` ENABLE KEYS */;
UNLOCK TABLES;

--
-- Table structure for table `users`
--

DROP TABLE IF EXISTS `users`;
/*!40101 SET @saved_cs_client     = @@character_set_client */;
/*!40101 SET character_set_client = utf8 */;
CREATE TABLE `users` (
  `id` bigint(20) unsigned NOT NULL AUTO_INCREMENT,
  `first_name` varchar(145) COLLATE utf8mb4_unicode_ci NOT NULL,
  `last_name` varchar(145) COLLATE utf8mb4_unicode_ci NOT NULL,
  `email` varchar(145) COLLATE utf8mb4_unicode_ci NOT NULL,
  `phone` char(11) COLLATE utf8mb4_unicode_ci NOT NULL,
  `password_hash` char(65) COLLATE utf8mb4_unicode_ci DEFAULT NULL,
  `created_at` datetime NOT NULL DEFAULT current_timestamp(),
  PRIMARY KEY (`id`),
  UNIQUE KEY `email_idx` (`email`),
  UNIQUE KEY `phone_idx` (`phone`)
) ENGINE=InnoDB AUTO_INCREMENT=101 DEFAULT CHARSET=utf8mb4 COLLATE=utf8mb4_unicode_ci;
/*!40101 SET character_set_client = @saved_cs_client */;

--
-- Dumping data for table `users`
--

LOCK TABLES `users` WRITE;
/*!40000 ALTER TABLE `users` DISABLE KEYS */;
INSERT INTO `users` VALUES (1,'Connie Huels III','Nolan','payton.stehr@yahoo.com','800','97dcc8dc34195de067aac5164894a44297bc8458','1970-01-01 00:00:00'),(2,'Zola Lowe','Sipes','gordon16@yahoo.com','3324406','d55bf29e36e42fb46aea093418f4fd26dc034bc3','1970-01-01 00:00:00'),(3,'Declan Lakin V','Spinka','ethelyn.hudson@lind.com','299743617','eeb55743c12d9b6d6575c2e10760c68e2b83662e','1970-01-01 00:00:00'),(4,'Mr. Rickey Ebert V','Macejkovic','rosalyn.beahan@hotmail.com','3176481','ac8ebceff48775dfe08582d40deb467ddad0ddd3','1970-01-01 00:00:00'),(5,'Dr. Tomasa Donnelly PhD','Harvey','jaren.lind@mclaughlinraynor.biz','35711251','0ed0e997710d9d86248540d1a5dc476c5141fab4','1970-01-01 00:00:00'),(6,'Estell Sipes','Dooley','meggie87@carroll.com','844','a4612879a0f24adc2892085dc3360710b1896ea4','1970-01-01 00:00:00'),(7,'Gerry Hagenes','Schmitt','mckenzie.streich@yahoo.com','650','a6c65bd6baf1c9964adedbd7b904062216911789','1970-01-01 00:00:00'),(8,'Boyd Runolfsdottir','Feest','westley.blanda@stantoncartwright.com','','6accf33b89a8d16d147ab1c853a93e368e29c600','1970-01-01 00:00:00'),(9,'Dr. Jaeden Morissette III','Monahan','akeem.kris@hotmail.com','9','9bfe61de9de5cca703c423d9115d15166b82162d','1970-01-01 00:00:00'),(10,'Princess Yundt I','Schmeler','jgaylord@gmail.com','37','12eb94a1d8c9afbbf83cbdd3debe44508bfd75de','1970-01-01 00:00:00'),(11,'Annabelle Yundt','Hessel','gilberto.toy@gmail.com','74473791','ab6d5750fbf885e69bbe8479ac13b7a47a8eb0c9','1970-01-01 00:00:00'),(12,'Mr. Jerome Fritsch','Treutel','klittel@gmail.com','490334','05e9f0130bd2d92158e8b1de3f3a07d957f67965','1970-01-01 00:00:00'),(13,'Maud Kertzmann','O\'Hara','denesik.rosella@skiles.com','48','e6b80a5deedf79072ec702ae3333120c885bdc82','1970-01-01 00:00:00'),(14,'Maudie Johnston','Keeling','zella91@stehr.biz','400','c78b1b98d8852aec12dde9872feed18034fb883f','1970-01-01 00:00:00'),(15,'Dr. Arden Rice','Denesik','stella.feeney@gmail.com','63184079','4d66552a2ef03b4c37f155bba57c3d1e171db4b7','1970-01-01 00:00:00'),(16,'Prof. Elise McKenzie','Casper','leffler.levi@gmail.com','6','f275ab5ed4f8e43a5fc20228078126319edd2d02','1970-01-01 00:00:00'),(17,'Monty Doyle','Hills','jess41@gmail.com','843689471','f5d55a8de0afbece2953230c0e9cf72a5b2f1163','1970-01-01 00:00:00'),(18,'Joanne Bashirian','Mueller','nickolas26@yahoo.com','6459','6065f616c99aef2ea5a30b52444ccad53a0f31e4','1970-01-01 00:00:00'),(19,'Prof. Ward Stiedemann','Hermann','warren68@yahoo.com','9252','a08a67242531ab0a978c16a9fc744e09f79e50bc','1970-01-01 00:00:00'),(20,'Deangelo Gaylord PhD','Spencer','o\'connell.marisol@wintheiser.org','282','fa19d82cd6cff2f9cc32dbbdb80491c98ab432ba','1970-01-01 00:00:00'),(21,'Cesar Bogan','Zulauf','vivian.fahey@gmail.com','252380','64fd75f2e4bc8c494aed2bf7d9f3d7850ea02b10','1970-01-01 00:00:00'),(22,'Dr. Laron Parker','Kuphal','chris.streich@gmail.com','864509928','e836db0bfee9a34b1835df7e3df15d1cc1d3c22f','1970-01-01 00:00:00'),(23,'Mr. Harley Hermiston','Anderson','solon.christiansen@gmail.com','3959744','fa211b8460b6f1b02587c2812a11470892654c29','1970-01-01 00:00:00'),(24,'Miss Mazie Hermiston','Torphy','william34@hotmail.com','9152','dbe2b3c366a206002906e60f0fcd3dfb13216c88','1970-01-01 00:00:00'),(25,'Julie Lockman','Kuhn','wiley41@gutmann.biz','3835220','d94527168004ceb0891266874bf2fd468d5403de','1970-01-01 00:00:00'),(26,'Karina Harris','Wunsch','hilpert.arden@nitzsche.com','4975564','7088f96733a6ae4a98a709bc62b3f50bf13bd802','1970-01-01 00:00:00'),(27,'Trever McDermott Jr.','Wolff','runolfsson.bonita@gmail.com','13992801','58403b32469a5b7de79fae6030aeb021c4cff48b','1970-01-01 00:00:00'),(28,'Madaline Little','Romaguera','tpollich@quigley.com','3584713','7babc86edd53b1607ca5899ddf5296d841c73e04','1970-01-01 00:00:00'),(29,'Wava Senger V','Lynch','jordan67@conroy.biz','196497616','15867288703fa9becbc4a6e71ef500e2db94a67a','1970-01-01 00:00:00'),(30,'Prof. Broderick Howe DDS','McClure','waelchi.heath@gmail.com','611','3924cb0a184a2f6b53e3b7fa0caa6d455e38a33a','1970-01-01 00:00:00'),(31,'Prof. Kallie Champlin Sr.','Von','ledner.zoila@schmeler.org','33','828657a7de6be790645ccb4be07d54e7f85366a9','1970-01-01 00:00:00'),(32,'Josephine Wisoky','Sanford','lwhite@haag.biz','56652','a0825d4f75f30976185ff7f52071d0f6114ecc1a','1970-01-01 00:00:00'),(33,'Rebekah Tillman MD','Heaney','krippin@dibbertrowe.info','66182734','cb67a67fc1c694cdc131aa04ddd6e741a89a3723','1970-01-01 00:00:00'),(34,'Bernice Feil','Will','minerva.funk@heller.com','6730736','a1e6ceb0743a839f590460906f7c5913c8cd7dbb','1970-01-01 00:00:00'),(35,'Isobel Murray','Dickens','kiana32@gmail.com','650413820','2931ba5b5ba153b30dd1da1245c2fd59bb411a25','1970-01-01 00:00:00'),(36,'Miss Rae Daugherty','Haag','epfeffer@gmail.com','72','18a08c7b2d0e534a2e149a2b403862882c31954a','1970-01-01 00:00:00'),(37,'Timmy Heller','Walter','pollich.alford@rogahn.com','457011885','a601c6b243d1f6d216ca20933f72d64a3d415af7','1970-01-01 00:00:00'),(38,'Cassandra Schimmel III','Kiehn','nitzsche.kiana@yahoo.com','164','7161f5556a3d53071dffb4d7d86f7150ae15d835','1970-01-01 00:00:00'),(39,'Prof. Terrance Crist','Donnelly','orn.edna@kling.com','597401224','35b0cbc0d613ec49f9025c1eebeb6785595d77ad','1970-01-01 00:00:00'),(40,'Ivah Berge','Heaney','ernest.lynch@ondrickawuckert.com','3916763','55db46af61e55a3372e609fd2d9a6366dc359cae','1970-01-01 00:00:00'),(41,'Marianne Marquardt','Hansen','savannah54@armstrong.com','120','028051db2b1e2daff5a4a8ba894f58ec441d55f7','1970-01-01 00:00:00'),(42,'Marisol Davis','Schoen','darby31@ryanklein.com','89393','34ffaf8119dad506882fbcbefc81dbf4850f7fea','1970-01-01 00:00:00'),(43,'Rollin Wilkinson','Veum','bgraham@yahoo.com','738','69a7b7cdbd20423db885bcd8c5d6645cc59f869e','1970-01-01 00:00:00'),(44,'Forrest Grimes','Lemke','dietrich.edna@yahoo.com','2891','0f1ddb1089851abdeeee7bb0d17860902319d0b6','1970-01-01 00:00:00'),(45,'Oswaldo Champlin II','Jacobson','lucas.heaney@gmail.com','4334','97a48d08bbb533bdce91c23342625ea08cc99960','1970-01-01 00:00:00'),(46,'Prof. Braeden Rosenbaum DDS','Gutkowski','florian03@ankunding.org','1234009','9565e6146fcdbc094d71d0f5c10706cf0f9a7a7a','1970-01-01 00:00:00'),(47,'Ike Wolff','Konopelski','hamill.einar@gmail.com','9158','34c4cfd56585c26b16fd76ea4546eca1e62f633b','1970-01-01 00:00:00'),(48,'Miss Addison Bayer DDS','Kunze','stanton.frederic@lakinhickle.com','642992','b9aad4236b34553031dfe9e7550a4b65ee7e5632','1970-01-01 00:00:00'),(49,'Deja Heaney','Abshire','christina.glover@gmail.com','5974057','850fdd1bbc7ceb1cd0fc85a086a1e178219efb71','1970-01-01 00:00:00'),(50,'Janiya Schneider DDS','Turner','jeffrey87@yahoo.com','80721932','15e2c33e79640db29b065dde645bf668d93c643c','1970-01-01 00:00:00'),(51,'Mariah Bosco','Mante','hirthe.uriel@gmail.com','8','0d1fbd7a4b391d1bc1e11b1a87cbfacc27454c19','1970-01-01 00:00:00'),(52,'Prof. Rafaela Klein Jr.','Brown','ndach@spinka.org','548202226','9fe373916ba6686d3bf9fd64a2c96425c97af274','1970-01-01 00:00:00'),(53,'Miss Opal Dach PhD','Schmeler','katrine98@hotmail.com','676','28a2081808cbceac552567400970cd729c0f27e5','1970-01-01 00:00:00'),(54,'Stacey Harber IV','Okuneva','graham.ellsworth@nitzsche.com','45','899ca5e9338172d92d3b2af7ef276d3545960a8f','1970-01-01 00:00:00'),(55,'Prof. Kay Brakus','Cruickshank','lexus59@dickihoppe.info','40','6d05481e5848023973985d27f8136f3d637c68ad','1970-01-01 00:00:00'),(56,'June Spencer','Ritchie','marina81@denesik.com','437011450','2248a2c37db64609a8e1731c489f13a31beab075','1970-01-01 00:00:00'),(57,'Dr. Garrison Murazik','Corwin','antonietta.carter@howell.com','89139','b25f16c82dd8bba9d774b4399996e9c4fa9fdb1c','1970-01-01 00:00:00'),(58,'Rosamond Quigley','Gorczany','chaya.turcotte@gmail.com','7095217','28a90cc94924769a2deef7956be114dc105ab125','1970-01-01 00:00:00'),(59,'Dr. Owen Streich','Wilkinson','kiara.rau@yahoo.com','17488348','b780ae188121141da3b0cc95b467c4eba5ec1220','1970-01-01 00:00:00'),(60,'Prof. Kory Cronin Jr.','Labadie','glennie08@baumbach.org','59828','4ecb6389af75de2177625f7acac2dd825bdf566f','1970-01-01 00:00:00'),(61,'Miss Tina Gutmann I','Kirlin','sheila.erdman@lemke.info','796','4f8e075660b18b4dd7937c2a640bc2b61c88d498','1970-01-01 00:00:00'),(62,'Dr. Barton Kilback III','Pfeffer','zabernathy@white.com','124587098','d1c80bbca55d43a630036b2d13f769b4e9060221','1970-01-01 00:00:00'),(63,'Mr. Ernest Dach V','Langworth','ygrimes@boyle.com','4432','81058eb2e73ecafcf352fea7f306f8316e83ea6a','1970-01-01 00:00:00'),(64,'Lelia Windler Sr.','Walker','merritt.collins@yahoo.com','680','b801cc6eb129395ca2058341e19a989d4991ebfa','1970-01-01 00:00:00'),(65,'Michel Howe','Hickle','xsmitham@yost.info','2532','8f7272268b42e91604137f771c3ea3ad2a103008','1970-01-01 00:00:00'),(66,'Emmalee Hodkiewicz MD','Flatley','jthompson@yahoo.com','45261','31842e2f7924c6fde9739e89e8ad65b2d1f1c697','1970-01-01 00:00:00'),(67,'Jayce Feeney','Lubowitz','jazmyn89@gibson.com','9772','3f920eccacb66c05844b35549357bf8dcfb91a4f','1970-01-01 00:00:00'),(68,'Mr. Dewayne Brakus III','Langosh','mcglynn.ole@gmail.com','90269','847edf1d71f3dd2c5f14e10f6b78e3201ef02901','1970-01-01 00:00:00'),(69,'Kari Leuschke','Hayes','barton.ettie@hotmail.com','83','9fe9b7fdcc8066db472b4e6f6ea4f432b3f132cd','1970-01-01 00:00:00'),(70,'Nikki Goyette I','Rolfson','anissa.schamberger@hotmail.com','7456','02f38b2209f4fb8635f7f2937fc91ea9bd67efad','1970-01-01 00:00:00'),(71,'Janelle McGlynn','Kilback','kauer@runolfsdottir.com','6318','0dc8bfe672224681b133586093465cd00d3b8982','1970-01-01 00:00:00'),(72,'Katharina Kulas','Buckridge','dickens.margot@brekke.info','5663938','b53c08668c9f09ce04cf20c2dc9962796f36e2d7','1970-01-01 00:00:00'),(73,'Justine Walter','Bechtelar','oreichel@ebert.com','363','8a2b225f78fdbf9c5f22b7a1431cbb05dff211d2','1970-01-01 00:00:00'),(74,'Leo Reichel','Ruecker','swolff@gmail.com','6554932','46689b13727594ef27b81c5c479ec200c7c3a630','1970-01-01 00:00:00'),(75,'Ms. Kendra Gibson Sr.','West','xmurazik@yahoo.com','501','ffc2fb7d628f001d862c7c5e8609906203137734','1970-01-01 00:00:00'),(76,'Marcelo Schuppe','Johnson','ideckow@padbergledner.com','8515','a063fdacf6fac2dbc8a540d38623daac70a867cd','1970-01-01 00:00:00'),(77,'Milton Wunsch','Braun','aileen77@schimmel.net','479','2eb22f93235fa31d541b20f5c0878569a6829656','1970-01-01 00:00:00'),(78,'Adolfo Rolfson','Leannon','zaria98@thompson.biz','9470578','ce5ce0d84b7bcf7cc507da377a72eb59f6d96fd2','1970-01-01 00:00:00'),(79,'Vivien Feest','Wilkinson','yhamill@terry.com','64539','58556a8230363d1c7bf28ea11267918ebceb4343','1970-01-01 00:00:00'),(80,'Celestine Stracke','Howe','boyer.frederik@cole.com','406603','0997717575f2bec349e936905d843059a0ffab82','1970-01-01 00:00:00'),(81,'Kathryn Jacobson','Schroeder','tia.considine@hyattdamore.com','428','c5f2c19c7025b8f55d213078c637cf6852357c52','1970-01-01 00:00:00'),(82,'Javonte Dach','Hegmann','devin.eichmann@boyer.net','9482913','b37437c7ea79b9b588b174d56671f2a91e8c6380','1970-01-01 00:00:00'),(83,'Dayna Braun','Kulas','nikita49@mcculloughorn.net','89059','d407d90edb2286f6a36cbaecbe27abdb5ce1775a','1970-01-01 00:00:00'),(84,'Dashawn Johnson','Moore','theresia21@yahoo.com','716','f9616e0ba6e6e54de27e4e83bcaedecbabaae79b','1970-01-01 00:00:00'),(85,'Maybell Reynolds','Russel','fisher.gregoria@gmail.com','3','34695a242ba6ee72d3b558905a78e9f8f9465ffd','1970-01-01 00:00:00'),(86,'Prof. Gerson Hauck','Pagac','rodriguez.emmet@dietrich.com','85021301','a76f639c8e0f6be6044661ad9004bb6ccb724348','1970-01-01 00:00:00'),(87,'Hazle Keeling','Bergnaum','jaskolski.evans@gmail.com','1','efa51666f496b84d48144c2e02e2841659d0cb1e','1970-01-01 00:00:00'),(88,'Haley Beier','Anderson','rmosciski@yahoo.com','71','d2d42d7acf649ddf680b84433fcd464e308644eb','1970-01-01 00:00:00'),(89,'Dr. Freeman Cole','Hilpert','rlittel@kling.com','8872','c867db5389fb8b3421ee8bb80a0fc6ffaf412ea2','1970-01-01 00:00:00'),(90,'George Langosh','Boehm','kyleigh.metz@hotmail.com','633266','401818d6193bd105abe52e725a1dfcca1ca46ee8','1970-01-01 00:00:00'),(91,'Mr. Sven Friesen','Schroeder','margarete01@kreiger.net','879','e5f3aaccade90b5c786b096ee1a783b7a8b9515a','1970-01-01 00:00:00'),(92,'Anne Wolff','Kozey','jalon71@mantesimonis.com','43','67f10f92c8ccb280b624d3f53e421ec9771e1619','1970-01-01 00:00:00'),(93,'Rodrigo Sipes','Parisian','philip43@hotmail.com','47','de382c6f9dcf4b547802bf840b040e2a71eb4d81','1970-01-01 00:00:00'),(94,'Ms. Tiffany Zieme','Torphy','asauer@medhurst.info','48516551','eafe464fda15391af9c679d8eda3aac6d4158e0a','1970-01-01 00:00:00'),(95,'London Lebsack','Grimes','gdicki@gmail.com','488223557','590b36a4d204a562759be4cd5221e8a99f5d8fb7','1970-01-01 00:00:00'),(96,'Martin Hauck','Powlowski','shansen@nikolaus.net','2','005ad8fa82e3434f9a7ce1e3e952424a8ab2a09e','1970-01-01 00:00:00'),(97,'Liza Lebsack','Metz','emmitt05@lakin.info','6454780','06e83ba02a07168ad9fc7744dbf27123bd246f1f','1970-01-01 00:00:00'),(98,'Leann Glover PhD','Nikolaus','usipes@gmail.com','291149517','ffee3b4555457eb8d40e48e52891f9e376c6d956','1970-01-01 00:00:00'),(99,'Micheal Steuber','Rutherford','edyth.goodwin@eichmann.com','225','dafbd16c47001c4f4ffa688f5e975ea263589681','1970-01-01 00:00:00'),(100,'Dr. Amiya Von','Bergstrom','joanne.pfannerstill@fayferry.com','612253720','fe1a18eeb9d8b3281bc660409c33bdd71b230af5','1970-01-01 00:00:00');
/*!40000 ALTER TABLE `users` ENABLE KEYS */;
UNLOCK TABLES;
/*!40103 SET TIME_ZONE=@OLD_TIME_ZONE */;

/* Задание 3 Написать запрос для переименования названий типов медиа (колонка name в media_types), 
 * которые вы получили в пункте 3 в осмысленные (например, в "фото", "видео", ...).
*/

UPDATE media_types SET name = 'Фото' WHERE id = 1;
UPDATE media_types SET name = 'Видео' WHERE id = 2;
UPDATE media_types SET name = 'Музыка' WHERE id = 3;
UPDATE media_types SET name = 'Анимация' WHERE id = 4;

SELECT * FROM media_types;

/* Задание 4. База данных сайта знакомств на основе оценки мемов.
*/

